tweet,category
"Loving this new update! Everything works smoothly. #awesome",Positive
"Worst service ever... total waste of money! http://example.com",Negative
"Just finished reading the news today.",Neutral
"I hate waiting in long lines @company bad support!!",Negative
"Great experience overall, highly recommend! :)",Positive
"The customer support team resolved my issue in minutes! Very happy.",Positive
"App keeps crashing every time I open the settings menu. Please fix!",Negative
"Taking a short walk outside to grab some fresh air.",Neutral
"This product exceeded all my expectations, absolutely brilliant!",Positive
"Flight got delayed by four hours without any clear update. Disappointed.",Negative
"Checking out the local library to see if they have new arrivals.",Neutral
"Wonderful customer service! Representative was very polite and helpful.",Positive
"The interface is so clunky and difficult to navigate. Hate it.",Negative
"Listening to a podcast while preparing dinner tonight.",Neutral
"Best purchase I have made all year! Works like magic.",Positive
"Terrible experience, items arrived damaged and late.",Negative
"Watching the rain drop outside the living room window.",Neutral
"So excited for the upcoming weekend event! Counting down the days.",Positive
"System downtime during peak business hours is completely unacceptable.",Negative
"Heading over to the grocery store to pick up ingredients.",Neutral
"Incredible performance and battery life on this new device!",Positive
"Payment failed twice but money was deducted. Fix this issue immediately!",Negative
"Reading through the monthly team status report.",Neutral
"Huge thanks to the team for fixing the bug so quickly!",Positive
"Poor build quality, broke on the first day of light use.",Negative
"Drinking a warm cup of tea before starting work.",Neutral
"Super impressed with how fast the package arrived. Outstanding service!",Positive
"Account got locked out randomly for no reason at all.",Negative
"Waiting for the bus at the central transit station.",Neutral
"The user interface design update looks fresh and modern!",Positive
"Extremely frustrated with the constant unexpected service outages.",Negative
"Taking notes during the afternoon department meeting.",Neutral
"Top-notch quality! Will definitely order again in the future.",Positive
"Refund request has been pending for weeks without response.",Negative
"Reviewing the documentation before submitting the code PR.",Neutral
"Fantastic customer care team! They handled my return effortlessly.",Positive
"The app update broke core features that I rely on daily.",Negative
"Organizing desk files and setting up the week schedule.",Neutral
"Smooth and seamless experience from start to finish. Love it!",Positive
"Unhelpful support staff made the entire problem much worse.",Negative
"Walking the dog around the neighborhood park.",Neutral
"Really grateful for the quick response and detailed resolution!",Positive
"Constant bugs and crashes make this tool completely unusable.",Negative
"Sorting through incoming emails in the morning inbox.",Neutral
"Remarkable service quality! Exceeded my expectations by far.",Positive
"Spent hours trying to reach customer support with zero luck.",Negative
"Working quietly from home on a rainy afternoon.",Neutral
"Everything worked perfectly right out of the box! Highly satisfied.",Positive
"Worst customer service experience I have had in a very long time.",Negative
"Attending a virtual webinar about software development trends.",Neutral
"Super smooth performance and beautiful user interface!",Positive
"Order got canceled out of nowhere without any explanation provided.",Negative
"Catching up on industry articles during my commute.",Neutral
"Truly amazed by how fast and effective the help desk was!",Positive
"Software is extremely slow and constantly freezes mid-task.",Negative
"Planning out my schedule for the upcoming month.",Neutral
"Exceptional quality and outstanding value for the price!",Positive
"Billing error charged me twice for a single transaction.",Negative
"Having lunch at a small cafe near the office block.",Neutral
"Love the new feature set! Makes daily tasks so much easier.",Positive
"Defective product delivered and return process is a nightmare.",Negative
"Checking weather forecasts for the upcoming weekend trip.",Neutral
"Outstanding customer support! Solved my issue in record time.",Positive
"The new redesign is confusing and removed useful features.",Negative
"Updating system software to the latest version available.",Neutral
"Impressed by the quick shipping and eco-friendly packaging!",Positive
"Terrible service, unhelpful agents, and total waste of time.",Negative
"Cooking dinner while listening to music in the background.",Neutral
"Extremely happy with the overall quality and fast delivery!",Positive
"My account was disabled without warning or explanation given.",Negative
"Browsing through online articles about tech advancements.",Neutral
"Brilliant customer care! They went above and beyond to assist.",Positive
"Product quality is extremely low compared to what was advertised.",Negative
"Filling out routine paperwork for quarterly review.",Neutral
"Seamless checkout process and very fast shipping!",Positive
"Customer service held me on phone line for over an hour.",Negative
"Taking a quick coffee break before continuing work.",Neutral
"Very pleased with the item, exactly as described online!",Positive
"App update completely ruined performance on older devices.",Negative
"Writing down a quick task list for tomorrow morning.",Neutral
"Fast, friendly, and reliable service every single time!",Positive
"Items missing from my package and support won't reply.",Negative
"Cleaning up workspace before wrapping up for the day.",Neutral
"Absolute pleasure doing business with this company!",Positive
"Worst user experience ever, bug after bug on every screen.",Negative
"Waiting for an email confirmation regarding my submission.",Neutral
"Delighted with the fast response and problem resolution!",Positive
"Prices keep going up while service quality keeps dropping.",Negative
"Reading a chapter of a book before heading to bed.",Neutral
"Top quality product with smooth and effortless performance!",Positive
"Broken package delivered and customer care refuses refund.",Negative
"Sitting in the quiet library studying for upcoming exam.",Neutral
"Super helpful customer support agent fixed my account instantly!",Positive
"Slow server connection makes the platform nearly unusable.",Negative
"Preparing slides for tomorrow's project presentation.",Neutral
"Loved the packaging and how quickly everything arrived!",Positive
"Frequent disconnection issues ruin the entire service.",Negative
"Walking through the city center on a calm evening.",Neutral
"Amazing attention to detail! Will definitely return again.",Positive
"Misleading advertisement, product is nothing like promised.",Negative
"Taking a short break after completing the main report.",Neutral
"Exceptional customer experience! Staff was super polite.",Positive
"Technical support was clueless and couldn't solve my issue.",Negative
"Sending over updated project files to team members.",Neutral
"Super smooth interface and intuitive design choices!",Positive
"Orders take forever to ship with zero tracking updates.",Negative
"Watching a recording of the morning keynotes presentation.",Neutral
"Highly recommend this app to anyone looking for efficiency!",Positive
"Overcharged on my bill and customer service won't respond.",Negative
"Checking train schedules for tomorrow morning travel.",Neutral
"Fantastic resolution to my inquiry, couldn't be happier!",Positive
"App crashes every time I try to save my work.",Negative
"Checking mail inbox before heading out for lunch.",Neutral
"Very impressed with the quality and speedy delivery!",Positive
"Zero response from support team despite multiple tickets submitted.",Negative
"Sorting out old files in my home office desktop folder.",Neutral
"Super easy to set up and works like a total charm!",Positive
"Subscription renewal happened without my prior authorization.",Negative
"Drinking water and taking a short stretch break.",Neutral
"Outstanding service and incredibly responsive staff team!",Positive
"Poor user experience and constant error messages pop up.",Negative
"Checking flight prices for end of the year holidays.",Neutral
"Wonderful experience! Everything went smoothly as expected.",Positive
"Item arrived damaged due to terrible packing quality.",Negative
"Doing evening routine chores around the home.",Neutral
"Incredible product quality! Will definitely buy from them again.",Positive
"The app takes forever to load any simple page.",Negative
"Reading newspaper updates on morning train commute.",Neutral
"Very happy with my order, arrived two days early!",Positive
"Hidden fees added to invoice without clear warning.",Negative
"Taking a walk around the neighborhood block.",Neutral
"Friendly support team handled my query with great care!",Positive
"Total disappointment, product broke down after one day.",Negative
"Reviewing project requirements before starting coding task.",Neutral
"Loved the smooth ordering process and fast delivery time!",Positive
"Support representative was rude and refused to help me.",Negative
"Sitting on the balcony enjoying the fresh evening breeze.",Neutral
"Super intuitive software! Saved me so much time today.",Positive
"Severe lag and constant bugs make this app unusable.",Negative
"Listening to ambient music while working on documentation.",Neutral
"Great product design and top tier customer service!",Positive
"Payment gateway keeps failing during final checkout process.",Negative
"Looking over the weekly menu before going shopping.",Neutral
"Satisfied with the quick resolution offered by support team!",Positive
"The update removed essential features that worked fine before.",Negative
"Filtering through research papers for project reference.",Neutral
"Fast shipping and brilliant customer service experience overall!",Positive
"System error wiped out my saved preferences completely.",Negative
"Setting up my weekly calendar schedule and reminders.",Neutral
"Highly impressed with the craftsmanship and build quality!",Positive
"Customer care line goes straight to voicemail every time.",Negative
"Attending a brief morning team standup meeting.",Neutral
"Wonderful resolution to my issue! Very thankful for help.",Positive
"Horrible experience, misleading listing details provided online.",Negative
"Formatting code style guidelines for team repository.",Neutral
"Super fast delivery and product exceeded my expectations!",Positive
"Constant pop-up ads make the application unusable.",Negative
"Browsing through book recommendations on online stores.",Neutral
"Excellent service! Staff went out of their way to help.",Positive
"Order canceled without notifying me or giving reason.",Negative
"Organizing desktop workspace and cleaning up clutter.",Neutral
"Very glad I chose this option! Works amazingly well.",Positive
"App drains battery ridiculously fast in background.",Negative
"Having morning coffee while checking project updates.",Neutral
"Impressed by the smooth design and bug-free performance!",Positive
"Refund process is incredibly tedious and frustrating to complete.",Negative
"Taking notes during quarterly performance evaluation meeting.",Neutral
"Awesome product! Quality is way higher than expected.",Positive
"Frequent server errors prevent logging in to portal.",Negative
"Reviewing new code submissions in pull request queue.",Neutral
"Polite customer representative solved my issue immediately!",Positive
"Terrible build quality, feels cheap and breaks easily.",Negative
"Waiting in the lounge area for the meeting to start.",Neutral
"Smooth performance and beautiful visual user interface design!",Positive
"App freezes constantly when uploading small file attachments.",Negative
"Scanning through daily news summaries over breakfast.",Neutral
"Top quality service! Highly recommended to all friends.",Positive
"Support tickets remain unanswered for over two weeks.",Negative
"Planning afternoon schedule and prioritizing urgent tasks.",Neutral
"Very happy with this service! Simple, fast, and reliable.",Positive
"Order shipped to wrong address and support blames me.",Negative
"Working on standard daily maintenance and task updates.",Neutral
"Amazing customer support! Resolved my issue within minutes.",Positive
"App keeps crashing whenever I open the profile section.",Negative
"Sitting quietly in the park enjoying the sunny weather.",Neutral
"Very satisfied with my purchase, quality is outstanding!",Positive
"Package was delayed for weeks without any updates.",Negative
"Checking my daily to-do list before starting work.",Neutral
"Incredible experience! The team was super helpful and fast.",Positive
"Service was offline for hours during an important deadline.",Negative
"Taking the train home after finishing a long day.",Neutral
"Love the updated design! Everything is so easy to find.",Positive
"Horrible customer service, refused to honor the warranty.",Negative
"Organizing files on my computer for better workflow.",Neutral
"Great value for money! Will purchase again for sure.",Positive
"Received the wrong item and return process is confusing.",Negative
"Preparing my lunch for tomorrow's work day.",Neutral
"Super fast response time from the support team!",Positive
"The application is extremely slow and keeps freezing.",Negative
"Reading through the user manual before setup.",Neutral
"Very happy with the overall service and product quality!",Positive
"Billing error charged me twice for the same order.",Negative
"Taking a brief walk during lunch break today.",Neutral
"Fantastic experience! Everything was handled smoothly.",Positive
"Website layout is confusing and hard to navigate.",Negative
"Updating software packages to the latest versions.",Neutral
"Excellent service, very friendly and professional staff!",Positive
"Product broke on the first use, total waste of money.",Negative
"Listening to a podcast while doing the dishes.",Neutral
"Really impressed with how easy setup was!",Positive
"Account got locked without any clear explanation.",Negative
"Waiting for my flight at the departure gate.",Neutral
"Top tier customer care, fixed my issue right away!",Positive
"Constant spam notifications make this app annoying.",Negative
"Reviewing notes from yesterday's strategy session.",Neutral
"Love the fast delivery and great packaging!",Positive
"Order status has been stuck on processing for days.",Negative
"Drinking coffee while reading morning news updates.",Neutral
"Awesome tool, saved me so much time today!",Positive
"Extremely poor build quality, feels very flimsy.",Negative
"Setting reminders for upcoming project deadlines.",Neutral
"Very smooth transaction and helpful support team!",Positive
"Unable to reset my password due to broken link.",Negative
"Walking down to the local coffee shop.",Neutral
"Great product! Works exactly as described online.",Positive
"Customer care agent was unhelpful and dismissive.",Negative
"Formatting document headers and updating page numbers.",Neutral
"Wonderful service! Will definitely use them again.",Positive
"App drains battery super fast on background mode.",Negative
"Writing down ideas for upcoming project pitch.",Neutral
"Highly recommend! High quality and quick delivery.",Positive
"Subscription price increased without prior notice given.",Negative
"Watching morning sunrise from the balcony view.",Neutral
"Super friendly staff made everything easy for us!",Positive
"Frequent disconnection issues during live video calls.",Negative
"Filling out weekly expense report forms online.",Neutral
"Loved the overall experience, highly satisfied customer!",Positive
"Item delivered was completely different from pictures.",Negative
"Checking weather forecast for the evening walk.",Neutral
"Extremely fast delivery and excellent build quality!",Positive
"Website crashed right when I was completing payment.",Negative
"Browsing through online store catalog for ideas.",Neutral
"Incredible customer support! Solved my issue in minutes.",Positive
"Product quality is far below what was advertised.",Negative
"Sorting out my desk space before working.",Neutral
"Very pleased with the fast and efficient service!",Positive
"Support team ignores emails and closes tickets early.",Negative
"Taking a short coffee break at my desk.",Neutral
"Awesome experience! Couldn't ask for a better service.",Positive
"App UI is ugly and very unintuitive to use.",Negative
"Reading a chapter of my book during commute.",Neutral
"Super smooth performance, love using this tool!",Positive
"Package arrived damaged due to poor packaging.",Negative
"Organizing photo gallery folders on my phone.",Neutral
"Top quality product with super fast shipping times!",Positive
"Refund taking more than a month to process.",Negative
"Walking through the city center on weekend.",Neutral
"Delighted with the friendly service and quick delivery!",Positive
"Constantly logged out of app for no reason.",Negative
"Reviewing pull requests on project repository.",Neutral
"Really great purchase! Highly recommended to everyone.",Positive
"Customer service line was busy for over two hours.",Negative
"Planning weekend tasks and personal errands list.",Neutral
"Very impressive feature update! Love the new look.",Positive
"Product stopped working after just two days.",Negative
"Having lunch with colleagues at nearby cafe.",Neutral
"Fast and friendly service! Extremely satisfied overall.",Positive
"Hidden fees were added to final bill unexpected.",Negative
"Drafting weekly progress report for project supervisor.",Neutral
"Brilliant customer care, helped me out so much!",Positive
"System lag makes typing nearly impossible to do.",Negative
"Cleaning out unnecessary files from download folder.",Neutral
"Exceptional experience from start to finish today!",Positive
"Order canceled without any explanation or refund.",Negative
"Waiting for train at the central platform.",Neutral
"Super intuitive application design, love using it!",Positive
"Poor customer response, nobody answers support chat.",Negative
"Taking a quiet stroll in the evening park.",Neutral
"Great quality item, delivered earlier than expected!",Positive
"Account suspended without any valid reason provided.",Negative
"Cooking dinner while watching news broadcast live.",Neutral
"Fantastic quality and excellent customer service response!",Positive
"Application keeps crashing upon opening camera feed.",Negative
"Checking train schedule for weekend trip home.",Neutral
"Super smooth ordering process and fast delivery!",Positive
"Product material feels cheap and low quality.",Negative
"Organizing desktop shortcuts on new computer setup.",Neutral
"Very impressed with the professional support team!",Positive
"Payment was charged twice but order failed.",Negative
"Reading documentation for new software library framework.",Neutral
"Awesome service! Solved my issue within 10 minutes.",Positive
"Constant error messages while navigating menu options.",Negative
"Having warm tea on a rainy afternoon.",Neutral
"Loving the new feature set! Makes life easier.",Positive
"Package lost in shipping and no help given.",Negative
"Setting up new desk monitor and cable routing.",Neutral
"Highly satisfied with the product and shipping speed!",Positive
"Customer care representative was rude and impatient.",Negative
"Taking notes during team status meeting call.",Neutral
"Delighted with how smooth the app runs now!",Positive
"App update completely broke existing login functionality.",Negative
"Walking the dog in the neighborhood park.",Neutral
"Super helpful support team! Resolved everything quickly.",Positive
"Quality is terrible, nothing like shown in photos.",Negative
"Browsing online articles about technology trends today.",Neutral
"Fantastic service! Will definitely buy again soon.",Positive
"Refund request rejected without any explanation given.",Negative
"Writing weekly journal entry in personal notebook.",Neutral
"Incredible quality for such an affordable price!",Positive
"Frequent server maintenance causes unwanted downtime periods.",Negative
"Waiting in line at local grocery store.",Neutral
"Very happy with my order! High quality item.",Positive
"Customer service refused to replace defective product.",Negative
"Reviewing project budget spreadsheet for next month.",Neutral
"Awesome performance and sleek user interface design!",Positive
"Website is extremely slow to load product pages.",Negative
"Checking email inbox for daily morning updates.",Neutral
"Super impressed with the speed of delivery!",Positive
"Order status stuck on processing for two weeks.",Negative
"Taking a short walk around the block.",Neutral
"Great support team, solved my issue instantly!",Positive
"App drains phone battery very fast overnight.",Negative
"Setting up calendar reminders for upcoming tasks.",Neutral
"Love this product! Exceeded my expectations completely.",Positive
"Item arrived with broken parts inside box.",Negative
"Reading tech news articles during lunch time.",Neutral
"Very smooth experience, clean interface and fast!",Positive
"Customer support ignored my email for days.",Negative
"Organizing home office desk and filing papers.",Neutral
"Outstanding performance! Everything works like a charm.",Positive
"Subscription renewed automatically without my approval.",Negative
"Waiting for bus at the transit station.",Neutral
"Fantastic service, quick delivery and great packaging!",Positive
"App crashes every time I try searching.",Negative
"Updating mobile OS to latest system version.",Neutral
"Super happy with this purchase, high quality!",Positive
"Website checkout button is completely broken today.",Negative
"Taking notes during afternoon project review meeting.",Neutral
"Incredible quality and excellent customer service team!",Positive
"Received incomplete order with missing items inside.",Negative
"Drinking green tea while working on laptop.",Neutral
"Highly recommend this app to all my friends!",Positive
"Terrible experience, rude customer service representatives.",Negative
"Browsing through online book collection store pages.",Neutral
"Loved the new user interface redesign update!",Positive
"Product stopped working after just one week.",Negative
"Walking through central park on sunny day.",Neutral
"Very satisfied customer! Fast shipping and top quality.",Positive
"Account login errors keep occurring randomly today.",Negative
"Checking flight schedules for summer vacation plans.",Neutral
"Super fast response from customer support team!",Positive
"Items received were damaged during transit delivery.",Negative
"Preparing slides for morning team presentation deck.",Neutral
"Awesome product, works perfectly out of box!",Positive
"Constant popups make app unusable for everyone.",Negative
"Cleaning up computer desktop folder file structure.",Neutral
"Exceptional build quality and sleek design finish!",Positive
"Support agent was unhelpful and very slow.",Negative
"Reading novel chapter before sleeping tonight.",Neutral
"Great customer care! Very helpful and polite.",Positive
"Payment error deducted money twice without confirmation.",Negative
"Attending online workshop about machine learning basics.",Neutral
"Delighted with the quick resolution from support!",Positive
"App freezes when trying to open photos.",Negative
"Sorting out physical mail in the hallway.",Neutral
"Very pleased with service, fast and reliable!",Positive
"Order canceled with no explanation or notice.",Negative
"Taking short coffee break at kitchen counter.",Neutral
"Fantastic app design! Super intuitive and fast.",Positive
"Package delivered to wrong address entirely today.",Negative
"Writing daily task list in work notebook.",Neutral
"Super impressed with quality and customer service!",Positive
"Customer service holds you on line forever.",Negative
"Walking dog around block before sunset time.",Neutral
"Love the fast delivery and excellent packaging!",Positive
"Product quality feels very cheap and weak.",Negative
"Checking weather report for weekend outdoor activities.",Neutral
"Highly recommend, great quality and smooth delivery!",Positive
"App UI updated but became more confusing.",Negative
"Reviewing meeting notes from morning team catchup.",Neutral
"Super satisfied with this purchase, worth money!",Positive
"Unhelpful support staff made issue much worse.",Negative
"Having tea while reading daily news summary.",Neutral
"Incredible service, handled everything with great care!",Positive
"System error deleted my saved profile settings.",Negative
"Updating software dependencies in project code repository.",Neutral
"Very happy with product quality and speed!",Positive
"Product broke on first day of use.",Negative
"Sitting on balcony enjoying afternoon fresh air.",Neutral
"Awesome support team, resolved my ticket fast!",Positive
"Constant server crashes make app unusable today.",Negative
"Checking daily calendar schedule for afternoon tasks.",Neutral
"Super smooth performance and beautiful UI design!",Positive
"Refund is taking way too long to process.",Negative
"Taking short walk around garden during lunch.",Neutral
"Great experience, fast delivery and item works!",Positive
"Customer support refused to help resolve issue.",Negative
"Organizing digital photos into separate folder sets.",Neutral
"Delighted with overall quality and fast response!",Positive
"Application keeps logging me out continuously today.",Negative
"Browsing online articles about travel destinations worldwide.",Neutral
"Fantastic customer support experience, highly recommend them!",Positive
"Order delayed for over three weeks straight.",Negative
"Drinking coffee while working on morning code.",Neutral
"Very happy with purchase, high quality overall!",Positive
"Website checkout failed multiple times during payment.",Negative
"Reading documentation for new open source project.",Neutral
"Super fast shipping and product works great!",Positive
"Received damaged product inside torn packaging box.",Negative
"Checking inbox for important client email updates.",Neutral
"Awesome tool! Made my workflow much faster.",Positive
"Support ticket closed without resolving my issue.",Negative
"Taking notes during afternoon training session today.",Neutral
"Incredible build quality and fast shipping speed!",Positive
"App update removed key features I used.",Negative
"Walking to local store for grocery items.",Neutral
"Highly satisfied with customer service response time!",Positive
"Horrible service, rude staff and bad support.",Negative
"Setting up new desk lamp and accessories.",Neutral
"Loved the product quality and packaging condition!",Positive
"Billing charge occurred twice on my card.",Negative
"Reading newspaper articles on morning train ride.",Neutral
"Very impressive update! Runs much faster now.",Positive
"Item came missing crucial parts from package.",Negative
"Organizing desktop workspace before starting work day.",Neutral
"Super helpful customer care! Solved my issue.",Positive
"App takes forever to load simple pages.",Negative
"Taking short coffee break with team members.",Neutral
"Great quality product, delivered earlier than expected!",Positive
"Customer support was completely unhelpful and slow.",Negative
"Reviewing quarterly report draft before final submit.",Neutral
"Delighted with purchase, works exactly as described!",Positive
"Frequent app crashes ruin entire user experience.",Negative
"Having lunch while watching tech video tutorial.",Neutral
"Fantastic experience overall! Will definitely buy again.",Positive
"Account locked out for no apparent reason.",Negative
"Checking transit map for evening travel plans.",Neutral
"Awesome service and very fast delivery times!",Positive
"Product feels very cheap and broke easily.",Negative
"Updating local code branch with main repository.",Neutral
"Super pleased with quick response from support!",Positive
"Subscription price increased without any prior notice.",Negative
"Drinking water while taking short stretch break.",Neutral
"Very happy with new features added recently!",Positive
"Package lost during transit and support unhelpful.",Negative
"Writing summary notes after client phone call.",Neutral
"Incredible quality! Exceeded my expectations by far.",Positive
"App drains battery extremely fast in background.",Negative
"Walking around block to get fresh air.",Neutral
"Highly recommend! Everything went smoothly as expected.",Positive
"Support representative hung up on my call.",Negative
"Reviewing project roadmap for next few quarters.",Neutral
"Super intuitive design and very fast load times!",Positive
"Order canceled automatically without any warning given.",Negative
"Checking weekly meal prep ideas online recipes.",Neutral
"Loved the friendly service and quick delivery time!",Positive
"System error keeps popping up on screen.",Negative
"Cleaning out home office desk drawers today.",Neutral
"Great product! Works amazingly well out box.",Positive
"Refund process is way too complicated now.",Negative
"Taking notes during morning standup team meeting.",Neutral
"Delighted with support response, issue fixed quickly!",Positive
"App update completely broke basic search feature.",Negative
"Having morning coffee while checking project board.",Neutral
"Fantastic service! Highly satisfied with overall experience.",Positive
"Order delayed without any status update given.",Negative
"Reading tech blog post about software architecture.",Neutral
"Very impressive quality and super fast shipping!",Positive
"Customer service line was disconnected while waiting.",Negative
"Sorting through morning emails in my inbox.",Neutral
"Super happy with results, works like charm!",Positive
"Item delivered was damaged during shipping process.",Negative
"Taking walk in neighborhood park this evening.",Neutral
"Awesome tool! Saves me hours of work.",Positive
"Constant popup ads make app unusable today.",Negative
"Updating software dependencies to latest version installed.",Neutral
"Incredible performance and beautiful user interface overall!",Positive
"Support agent was unhelpful and refused refund.",Negative
"Reading book chapter during quiet evening time.",Neutral
"Highly satisfied with purchase, top quality item!",Positive
"Account suspended unexpectedly with no explanation given.",Negative
"Planning weekly schedule and setting up reminders.",Neutral
"Loved the new user experience update design!",Positive
"Application keeps freezing whenever I try opening.",Negative
"Checking bus arrival times on phone app.",Neutral
"Very smooth transaction and super fast delivery!",Positive
"Poor customer care, nobody answered my chat.",Negative
"Having lunch at small cafe near office.",Neutral
"Super helpful support staff! Resolved everything instantly.",Positive
"Product material feels low quality and cheap.",Negative
"Organizing project files in cloud storage folders.",Neutral
"Great purchase! High quality and super fast!",Positive
"Billing error charged me double the price.",Negative
"Taking short stretch break away from desk.",Neutral
"Delighted with service, fast shipping and great!",Positive
"App UI looks outdated and hard to use.",Negative
"Reading user manual guide before starting setup.",Neutral
"Fantastic quality! Exceeded expectations in every way.",Positive
"Customer support ignored my message for days.",Negative
"Checking weather forecast for outdoor weekend plans.",Neutral
"Awesome experience! Fast delivery and great support.",Positive
"Package arrived late and box was crushed.",Negative
"Cleaning desktop monitor and workspace setup area.",Neutral
"Super intuitive and easy to use application!",Positive
"App update caused severe lag on phone.",Negative
"Writing daily work logs into personal notebook.",Neutral
"Very pleased with overall service and product!",Positive
"Refund still pending after three weeks wait.",Negative
"Walking dog in local park area afternoon.",Neutral
"Incredible support team, fixed problem in minutes!",Positive
"Order status stuck on processing for days.",Negative
"Reviewing code diffs in latest pull request.",Neutral
"Highly recommend this product to all my friends!",Positive
"Customer support was rude and unhelpful today.",Negative
"Having warm tea while working on laptop.",Neutral
"Loved the fast shipping and great product quality!",Positive
"App keeps crashing on startup screen continuously.",Negative
"Setting up calendar events for next week.",Neutral
"Super happy with purchase! Top tier quality.",Positive
"Payment failed but money was deducted card.",Negative
"Reading news updates during morning commute trip.",Neutral
"Great service! Staff was friendly and polite.",Positive
"Received wrong item and support won't reply.",Negative
"Organizing project files on personal computer laptop.",Neutral
"Delighted with results! Everything works smoothly now.",Positive
"Subscription renewed without sending reminder notification email.",Negative
"Taking short coffee break in breakroom area.",Neutral
"Fantastic quality, fast delivery and great packing!",Positive
"App drains battery very fast during use.",Negative
"Browsing online store catalog for office equipment.",Neutral
"Awesome customer care! They fixed my issue fast.",Positive
"Product broke down after just two days.",Negative
"Taking notes during afternoon team meeting session.",Neutral
"Very impressed with quick delivery and service!",Positive
"Website layout is confusing and slow loading.",Negative
"Checking email inbox for new project notifications.",Neutral
"Super smooth performance, love using this application!",Positive
"Customer care representative was very unhelpful today.",Negative
"Walking through city center on sunny day.",Neutral
"Incredible product! Quality is outstanding and solid.",Positive
"Account locked out for no reason given.",Negative
"Preparing slide deck presentation for team meeting.",Neutral
"Highly satisfied with overall service experience today!",Positive
"Order canceled without warning or refund notice.",Negative
"Drinking coffee while reading tech articles online.",Neutral
"Loved the fast delivery and top quality item!",Positive
"App updates broke search functionality completely today.",Negative
"Reviewing meeting agenda before joining video call.",Neutral
"Super helpful support team! Solved issue quickly.",Positive
"Item delivered was damaged inside box package.",Negative
"Taking short walk in nearby park afternoon.",Neutral
"Great experience from start to finish today!",Positive
"Constant errors prevent completing simple transaction online.",Negative
"Organizing workspace files and cleaning up desk.",Neutral
"Delighted with quality and super fast shipping!",Positive
"Support tickets take weeks to get response.",Negative
"Checking flight prices for upcoming holiday season.",Neutral
"Fantastic tool! Saves so much time daily.",Positive
"Product quality far below what was promised.",Negative
"Updating code comments and documentation in repo.",Neutral
"Awesome support! Fixed my account issue instantly.",Positive
"App freezes when trying save changes made.",Negative
"Having lunch with team members at cafe.",Neutral
"Very happy with product! Highly recommend to everyone.",Positive
"Order missing items and customer care silent.",Negative
"Setting up new monitor display on desk.",Neutral
"Super fast shipping and excellent customer support!",Positive
"Refund request denied without clear reason given.",Negative
"Reading book chapter before going to sleep.",Neutral
"Incredible service! Staff went out of way.",Positive
"Customer service line hung up while waiting.",Negative
"Walking around neighborhood block during lunch break.",Neutral
"Highly pleased with order, top notch quality!",Positive
"App UI updated but became very clunky.",Negative
"Reviewing weekly budget spreadsheet for department tasks.",Neutral
"Loved how easy setup process was overall!",Positive
"Frequent server outages make service unusable today.",Negative
"Writing task list for tomorrow morning goals.",Neutral
"Super smooth experience and fast resolution time!",Positive
"Billing error charged card multiple times today.",Negative
"Checking weather report for tomorrow morning walk.",Neutral
"Great product design, sleek and easy use!",Positive
"Package lost during shipment process no update.",Negative
"Taking coffee break at office desk workstation.",Neutral
"Delighted with service! Fast, reliable, and friendly.",Positive
"Support representative was impatient and very rude.",Negative
"Sorting out old physical documents into folders.",Neutral
"Fantastic item! Quality is way above average.",Positive
"App update completely broke profile page loading.",Negative
"Reading article about machine learning model design.",Neutral
"Awesome customer service! Solved my problem fast.",Positive
"Item came broken inside damaged shipping box.",Negative
"Walking dog in neighborhood park during evening.",Neutral
"Very satisfied with purchase, fast delivery time!",Positive
"Constant popup ads ruin user experience completely.",Negative
"Updating software packages to latest stable release.",Neutral
"Super impressed with quality and customer care!",Positive
"Account suspended without notice or explanation provided.",Negative
"Taking notes during afternoon team status call.",Neutral
"Incredible experience! Everything went super smoothly overall.",Positive
"Application crashes whenever I open image viewer.",Negative
"Checking train schedule for upcoming weekend trip.",Neutral
"Highly recommend this company! Excellent customer service.",Positive
"Product stopped working after just three days.",Negative
"Having warm tea while working on laptop.",Neutral
"Loved the quick turnaround and great packaging!",Positive
"Refund process is extremely tedious and slow.",Negative
"Organizing desktop shortcuts and folder file layout.",Neutral
"Super fast delivery and item works perfectly!",Positive
"Customer support ignored my emails for over week.",Negative
"Browsing technical documentation for new API release.",Neutral
"Great service, polite staff and fast shipping!",Positive
"Payment deducted twice but order was canceled.",Negative
"Taking short walk around neighborhood during lunch.",Neutral
"Delighted with quality, will definitely order again!",Positive
"App UI design is confusing and hard navigate.",Negative
"Reviewing project code pull request on GitHub.",Neutral
"Fantastic app! Super smooth and easy to use.",Positive
"Order delayed for three weeks with zero update.",Negative
"Drinking coffee while checking morning news feed.",Neutral
"Awesome support team, solved issue in minutes!",Positive
"Package arrived damaged due poor packing material.",Negative
"Setting up calendar reminders for project milestones.",Neutral
"Very happy with customer service team response time!",Positive
"Support agent was unhelpful and closed ticket.",Negative
"Writing weekly project summary report for team.",Neutral
"Super intuitive software design, love using it!",Positive
"Subscription cost increased without sending notification email.",Negative
"Walking through city park on sunny day.",Neutral
"Incredible performance and beautiful user interface overall!",Positive
"Constant disconnection issues ruin live streaming video.",Negative
"Checking flight ticket prices for upcoming holiday.",Neutral
"Highly satisfied with purchase! Quality is top.",Positive
"App drains phone battery super fast in background.",Negative
"Taking coffee break at workstation desk area.",Neutral
"Loved the new user interface redesign update!",Positive
"Order canceled unexpectedly without reason or notification.",Negative
"Organizing files into separate cloud storage folders.",Neutral
"Great customer care! Very helpful and polite.",Positive
"System error keeps popping up on screen.",Negative
"Reading tech news blog during morning commute.",Neutral
"Delighted with overall quality and fast response!",Positive
"Product material feels very cheap and fragile.",Negative
"Updating computer operating system software to latest.",Neutral
"Fantastic service! Highly satisfied with overall experience.",Positive
"Customer care phone line was busy for hours.",Negative
"Taking notes during project kick-off meeting call.",Neutral
"Awesome product design! Works like a charm.",Positive
"Refund still hasn't arrived after two weeks.",Negative
"Having lunch at nearby cafe with colleagues.",Neutral
"Super smooth performance and beautiful UI design!",Positive
"App crashes every time I open settings tab.",Negative
"Browsing through online store for home goods.",Neutral
"Very pleased with purchase, fast delivery time!",Positive
"Support ticket ignored for over five days.",Negative
"Writing summary notes after afternoon department meeting.",Neutral
"Incredible response time from customer care team!",Positive
"Item delivered was completely wrong model product.",Negative
"Checking weather report for weekend outdoor plans.",Neutral
"Highly recommend! Product quality is top notch.",Positive
"Website load time is ridiculously slow today.",Negative
"Cleaning out unnecessary files from download folder.",Neutral
"Loved the packaging and fast delivery speed!",Positive
"Payment page errors out during checkout process.",Negative
"Sitting on balcony enjoying calm evening breeze.",Neutral
"Great service from start to finish overall!",Positive
"Product broke on very first day use.",Negative
"Reviewing project presentation slides for morning meeting.",Neutral
"Delighted with quick response and friendly service!",Positive
"Constant server lag makes application unusable today.",Negative
"Walking dog around block in neighborhood park.",Neutral
"Fantastic product! Exceeded my expectations by far.",Positive
"Account disabled without any warning or reason.",Negative
"Taking short stretch break away from computer.",Neutral
"Super helpful customer support agent fixed issue!",Positive
"Items missing from my package upon arrival.",Negative
"Drinking tea while reading book chapter evening.",Neutral
"Awesome quality and very fast shipping speed!",Positive
"Customer support was rude and unhelpful today.",Negative
"Setting up new workspace desk layout setup.",Neutral
"Very happy with service, fast and reliable!",Positive
"App update broke basic search feature completely.",Negative
"Checking email inbox for daily team updates.",Neutral
"Incredible experience! Staff was super polite always.",Positive
"Package lost during shipping process no tracking.",Negative
"Organizing desktop files into categorized subfolders today.",Neutral
"Highly satisfied with customer support resolution time!",Positive
"Billing error charged my card twice today.",Negative
"Taking notes during afternoon team strategy meeting.",Neutral
"Loved how smooth and intuitive app is!",Positive
"Support representative closed my ticket without helping.",Negative
"Walking in park during sunny afternoon hours.",Neutral
"Super fast shipping and item works great!",Positive
"Product quality feels very low and cheap.",Negative
"Reading tech documentation before starting coding task.",Neutral
"Great customer care! Solved my issue fast.",Positive
"App crashes constantly when saving new changes.",Negative
"Checking flight schedule for weekend family trip.",Neutral
"Delighted with overall quality and fast delivery!",Positive
"Customer care refused to accept return request.",Negative
"Having morning coffee while reviewing daily tasks.",Neutral
"Fantastic product design and sleek modern aesthetic!",Positive
"Website checkout button is completely unresponsive today.",Negative
"Sorting out physical documents on home office desk.",Neutral
"Awesome service, fast delivery and top quality!",Positive
"Refund process is taking way too long.",Negative
"Updating software dependencies in project repository file.",Neutral
"Very impressed with quality and customer service!",Positive
"Constant disconnection issues make service completely unusable.",Negative
"Taking short coffee break at breakroom table.",Neutral
"Super intuitive UI, easy to use daily!",Positive
"Product arrived damaged inside torn shipping box.",Negative
"Reading article about machine learning data processing.",Neutral
"Incredible quality! Very satisfied with my purchase.",Positive
"Account locked out for no clear reason.",Negative
"Preparing slide deck for tomorrow afternoon call.",Neutral
"Highly recommend this service to all my friends!",Positive
"App takes forever loading simple page content.",Negative
"Organizing computer desktop folders and file shortcuts.",Neutral
"Loved the quick turnaround time and packaging!",Positive
"Support agent was unhelpful and closed chat.",Negative
"Walking dog in neighborhood park on sunny day.",Neutral
"Great experience, fast delivery and item works!",Positive
"Payment deducted twice but order failed setup.",Negative
"Checking train schedule for evening commute home.",Neutral
"Delighted with results, everything works like charm!",Positive
"Customer support holds line for over hour.",Negative
"Taking notes during team weekly status update.",Neutral
"Fantastic quality and excellent customer service response!",Positive
"Product quality far below what was advertised.",Negative
"Having tea while reading book chapter evening.",Neutral
"Awesome support team, solved issue in minutes!",Positive
"Constant popup ads ruin user experience completely.",Negative
"Cleaning out workspace desk drawers and organize.",Neutral
"Super smooth performance and beautiful UI design!",Positive
"App update removed essential functionality used daily.",Negative
"Reviewing pull request code on repository branch.",Neutral
"Very happy with product quality and speed!",Positive
"Order canceled with zero warning or explanation.",Negative
"Setting calendar reminders for upcoming project tasks.",Neutral
"Incredible service, handled everything with great care!",Positive
"System error wiped my saved user preferences.",Negative
"Checking weather forecast for outdoor weekend trip.",Neutral
"Highly satisfied with customer service response time!",Positive
"Product broke on very first day use.",Negative
"Drinking water while taking quick desk break.",Neutral
"Loved the new user interface redesign update!",Positive
"Frequent app crashes make service unusable today.",Negative
"Writing task list for tomorrow morning goals.",Neutral
"Super helpful customer care team solved issue!",Positive
"Refund taking over month to be processed.",Negative
"Walking through city center park on weekend.",Neutral
"Great purchase! High quality and fast delivery.",Positive
"Support ticket went unanswered for two weeks.",Negative
"Reviewing project budget sheet for department review.",Neutral
"Delighted with overall quality and fast response!",Positive
"App drains battery very fast in background.",Negative
"Having lunch with colleagues at local cafe.",Neutral
"Fantastic service! Highly satisfied with overall experience.",Positive
"Customer service representative was extremely rude today.",Negative
"Updating software dependencies to latest stable release.",Neutral
"Awesome customer care! Solved my issue fast.",Positive
"Item delivered was damaged inside broken box.",Negative
"Taking short walk around neighborhood park afternoon.",Neutral
"Very pleased with purchase, fast delivery time!",Positive
"Website payment gateway failed multiple times today.",Negative
"Checking email inbox for daily team updates.",Neutral
"Super fast delivery and product works great!",Positive
"Account suspended unexpectedly with no notice given.",Negative
"Organizing project files in cloud drive folders.",Neutral
"Incredible quality for such an affordable price!",Positive
"App freezes whenever opening image gallery tab.",Negative
"Reading tech news blog during morning commute.",Neutral
"Highly recommend! Everything went smoothly as expected.",Positive
"Support tickets take weeks to receive answer.",Negative
"Setting up workspace desk monitor and cable layout.",Neutral
"Loved the fast shipping and top quality item!",Positive
"Order status stuck on processing for weeks.",Negative
"Taking notes during afternoon team strategy session.",Neutral
"Great service, polite staff and fast shipping!",Positive
"Product quality feels very cheap and weak.",Negative
"Drinking tea while working on laptop computer.",Neutral
"Delighted with purchase, works exactly as described!",Positive
"Customer service line hung up while waiting.",Negative
"Checking flight prices for upcoming holiday travel.",Neutral
"Awesome product design! Works like a charm.",Positive
"Constant popup ads make application unusable today.",Negative
"Cleaning workspace desk area and file clutter.",Neutral
"Super smooth performance and beautiful UI design!",Positive
"App update completely broke basic search functionality.",Negative
"Walking dog around block in neighborhood park.",Neutral
"Very happy with new features added recently!",Positive
"Refund process is taking way too long.",Negative
"Reading documentation for new software library framework.",Neutral
"Incredible service! Staff went out of way.",Positive
"Product broke down after just two days.",Negative
"Taking coffee break at office desk workstation.",Neutral
"Fantastic tool! Saves so much time daily.",Positive
"Customer care refused to accept return request.",Negative
"Writing weekly project summary report for team.",Neutral
"Highly satisfied with purchase, top quality item!",Positive
"Application keeps crashing upon opening camera feed.",Negative
"Organizing desktop shortcuts and folder file layout.",Neutral
"Super helpful support staff! Resolved everything instantly.",Positive
"Billing error charged my card twice today.",Negative
"Checking train schedule for evening commute home.",Neutral
"Loved the packaging and fast delivery speed!",Positive
"Constant server lag makes application unusable today.",Negative
"Having lunch with team members at cafe.",Neutral
"Great quality product, delivered earlier than expected!",Positive
"Support agent was unhelpful and closed ticket.",Negative
"Updating local code repository with main branch.",Neutral
"Delighted with overall quality and fast delivery!",Positive
"Payment deducted twice but order was canceled.",Negative
"Taking short walk around block during lunch.",Neutral
"Awesome support team, solved my issue fast!",Positive
"Package lost in transit and support unhelpful.",Negative
"Reviewing project roadmap for next few quarters.",Neutral
"Very impressed with quick delivery and service!",Positive
"Account locked out for no clear reason.",Negative
"Setting calendar reminders for upcoming project tasks.",Neutral
"Super fast shipping and item works great!",Positive
"App drains phone battery super fast overnight.",Negative
"Browsing technical documentation for new API release.",Neutral
"Incredible quality! Very satisfied with my purchase.",Positive
"Customer support ignored my email for days.",Negative
"Drinking water while taking quick desk break.",Neutral
"Highly recommend this product to all my friends!",Positive
"Item delivered was damaged inside box package.",Negative
"Walking through city center park on weekend.",Neutral
"Loved the fast shipping and great product quality!",Positive
"System error keeps popping up on screen.",Negative
"Checking weather report for weekend outdoor plans.",Neutral
"Fantastic product design and sleek modern aesthetic!",Positive
"Refund process is extremely tedious and slow.",Negative
"Organizing digital photos into categorized subfolders today.",Neutral
"Awesome customer service! Solved my problem fast.",Positive
"Product material feels low quality and cheap.",Negative
"Reviewing meeting agenda before joining video call.",Neutral
"Super intuitive UI, easy to use daily!",Positive
"App update removed essential functionality used daily.",Negative
"Having morning coffee while checking project board.",Neutral
"Delighted with purchase, works exactly as described!",Positive
"Customer care phone line was busy for hours.",Negative
"Taking notes during afternoon team strategy meeting.",Neutral
"Very happy with product quality and speed!",Positive
"Product broke on very first day use.",Negative
"Cleaning out workspace desk drawers and organize.",Neutral
"Great customer care! Solved my issue fast.",Positive
"App crashes constantly when saving new changes.",Negative
"Checking flight schedules for summer vacation plans.",Neutral
"Incredible support team, fixed problem in minutes!",Positive
"Order canceled unexpectedly without reason or notification.",Negative
"Setting up new workspace desk layout setup.",Neutral
"Highly satisfied with overall service experience today!",Positive
"Billing charge occurred twice on my card.",Negative
"Writing summary notes after client phone call.",Neutral
"Super fast shipping and product works great!",Positive
"Customer support holds line for over hour.",Negative
"Taking short walk around neighborhood park afternoon.",Neutral
"Loved the fast delivery and top quality item!",Positive
"Constant disconnection issues make service completely unusable.",Negative
"Drinking tea while reading book chapter evening.",Neutral
"Fantastic quality! Exceeded expectations in every way.",Positive
"Account suspended without notice or explanation provided.",Negative
"Updating computer operating system software to latest.",Neutral
"Awesome service, fast delivery and top quality!",Positive
"App UI updated but became very clunky.",Negative
"Organizing project files in cloud drive folders.",Neutral
"Delighted with overall quality and fast response!",Positive
"Item came broken inside damaged shipping box.",Negative
"Checking train schedule for upcoming weekend trip.",Neutral
"Super helpful customer care team solved issue!",Positive
"Customer care refused to accept return request.",Negative
"Having lunch at nearby cafe with colleagues.",Neutral
"Very pleased with purchase, fast delivery time!",Positive
"Website payment gateway failed multiple times today.",Negative
"Taking notes during morning standup team meeting.",Neutral
"Incredible performance and beautiful user interface overall!",Positive
"Product stopped working after just three days.",Negative
"Browsing through online store for home goods.",Neutral
"Highly recommend! Everything went smoothly as expected.",Positive
"App drains battery very fast in background.",Negative
"Reading tech blog post about software architecture.",Neutral
"Awesome support! Fixed my account issue instantly.",Positive
"Support ticket went unanswered for two weeks.",Negative
"Walking dog around block in neighborhood park.",Neutral
"Great service from start to finish overall!",Positive
"Frequent app crashes ruin entire user experience.",Negative
"Setting calendar reminders for upcoming project tasks.",Neutral
"Super smooth performance and beautiful UI design!",Positive
"Refund taking over month to be processed.",Negative
"Cleaning desktop monitor and workspace setup area.",Neutral
"Loved how easy setup process was overall!",Positive
"Package lost during shipment process no update.",Negative
"Taking coffee break at workstation desk area.",Neutral
"Delighted with quick response and friendly service!",Positive
"Customer support representative was extremely rude today.",Negative
"Checking weather report for tomorrow morning walk.",Neutral
"Fantastic tool! Saves so much time daily.",Positive
"App update completely broke profile page loading.",Negative
"Writing weekly project summary report for team.",Neutral
"Incredible quality for such an affordable price!",Positive
"Product quality far below what was promised.",Negative
"Reviewing project code pull request on GitHub.",Neutral
"Highly satisfied with customer support resolution time!",Positive
"System error wiped my saved user preferences.",Negative
"Having morning coffee while reviewing daily tasks.",Neutral
"Super intuitive software design, love using it!",Positive
"Order status stuck on processing for weeks.",Negative
"Organizing desktop shortcuts and folder file layout.",Neutral
"Very happy with new features added recently!",Positive
"Frequent server outages make service unusable today.",Negative
"Reading user manual guide before starting setup.",Neutral
"Awesome quality and very fast shipping speed!",Positive
"App crashes every time I open settings tab.",Negative
"Taking short stretch break away from computer.",Neutral
"Delighted with service! Fast, reliable, and friendly.",Positive
"Customer care line hung up while waiting.",Negative
"Drinking water while taking quick desk break.",Neutral
"Great purchase! High quality and fast delivery.",Positive
"Subscription price increased without sending notification email.",Negative
"Setting up workspace desk monitor and cable layout.",Neutral
"Super fast delivery and item works perfectly!",Positive
"Payment deducted twice but order was canceled.",Negative
"Checking email inbox for daily team updates.",Neutral
"Loved the new user interface redesign update!",Positive
"Constant popup ads ruin user experience completely.",Negative
"Taking notes during team weekly status update.",Neutral
"Incredible experience! Everything went super smoothly overall.",Positive
"Customer support ignored my message for days.",Negative
"Walking in park during sunny afternoon hours.",Neutral
"Highly recommend this company! Excellent customer service.",Positive
"Support agent was unhelpful and closed ticket.",Negative
"Updating software dependencies in project repository file.",Neutral
"Fantastic product! Exceeded my expectations by far.",Positive
"App takes forever loading simple page content.",Negative
"Having lunch with team members at cafe.",Neutral
"Super helpful support staff! Resolved everything instantly.",Positive
"Refund process is taking way too long.",Negative
"Checking train schedule for evening commute home.",Neutral
"Awesome service and very fast delivery times!",Positive
"App UI design is confusing and hard navigate.",Negative
"Reading tech news blog during morning commute.",Neutral
"Delighted with overall quality and fast delivery!",Positive
"Item delivered was completely wrong model product.",Negative
"Taking short walk around neighborhood during lunch.",Neutral
"Very impressed with quality and customer service!",Positive
"Account locked out for no clear reason.",Negative
"Organizing project files in cloud storage folders.",Neutral
"Incredible support team, fixed problem in minutes!",Positive
"Constant server lag makes application unusable today.",Negative
"Drinking tea while working on laptop computer.",Neutral
"Great product design, sleek and easy use!",Positive
"Product quality feels very cheap and weak.",Negative
"Checking flight prices for upcoming holiday travel.",Neutral
"Highly satisfied with purchase, top quality item!",Positive
"Billing error charged my card twice today.",Negative
"Writing summary notes after client phone call.",Neutral
"Loved the packaging and fast delivery speed!",Positive
"Customer support holds line for over hour.",Negative
"Setting up calendar events for next week.",Neutral
"Super fast shipping and product works great!",Positive
"App drains phone battery super fast overnight.",Negative
"Taking coffee break at office desk workstation.",Neutral
"Fantastic quality! Exceeded expectations in every way.",Positive
"Product broke down after just two days.",Negative
"Reviewing project roadmap for next few quarters.",Neutral
"Awesome customer service! Solved my problem fast.",Positive
"Support ticket closed without resolving my issue.",Negative
"Walking dog in neighborhood park on sunny day.",Neutral
"Delighted with purchase, works exactly as described!",Positive
"Customer care refused to accept return request.",Negative
"Checking weather report for weekend outdoor plans.",Neutral
"Super intuitive UI, easy to use daily!",Positive
"Item came broken inside damaged shipping box.",Negative
"Organizing desktop workspace before starting work day.",Neutral
"Very happy with product quality and speed!",Positive
"Order canceled unexpectedly without reason or notification.",Negative
"Having lunch at nearby cafe with colleagues.",Neutral
"Incredible quality! Very satisfied with my purchase.",Positive
"App crashes constantly when saving new changes.",Negative
"Taking short stretch break away from desk.",Neutral
"Highly recommend! Everything went smoothly as expected.",Positive
"Refund process is extremely tedious and slow.",Negative
"Reading documentation for new software library framework.",Neutral
"Loved the fast shipping and top quality item!",Positive
"Support agent was unhelpful and closed chat.",Negative
"Walking through city center park on weekend.",Neutral
"Great service, polite staff and fast shipping!",Positive
"Billing charge occurred twice on my card.",Negative
"Checking inbox for important client email updates.",Neutral
"Super helpful customer care team solved issue!",Positive
"Package lost during shipment process no update.",Negative
"Setting up workspace desk layout setup.",Neutral
"Delighted with overall quality and fast response!",Positive
"Constant popup ads make application unusable today.",Negative
"Taking notes during morning standup team meeting.",Neutral
"Fantastic product design and sleek modern aesthetic!",Positive
"Account suspended without notice or explanation provided.",Negative
"Having morning coffee while reviewing daily tasks.",Neutral
"Awesome support team, solved my issue fast!",Positive
"Product material feels low quality and cheap.",Negative
"Writing task list for tomorrow morning goals.",Neutral
"Incredible performance and beautiful user interface overall!",Positive
"Support tickets take weeks to receive answer.",Negative
"Cleaning out workspace desk drawers and organize.",Neutral
"Very pleased with purchase, fast delivery time!",Positive
"App update completely broke basic search functionality.",Negative
"Checking flight schedules for summer vacation plans.",Neutral
"Highly satisfied with overall service experience today!",Positive
"Product broke on very first day use.",Negative
"Organizing digital photos into categorized subfolders today.",Neutral
"Super fast delivery and item works perfectly!",Positive
"Customer care phone line was busy for hours.",Negative
"Drinking water while taking quick desk break.",Neutral
"Loved how easy setup process was overall!",Positive
"Refund taking over month to be processed.",Negative
"Reviewing meeting agenda before joining video call.",Neutral
"Great purchase! High quality and fast delivery.",Positive
"App UI updated but became very clunky.",Negative
"Taking coffee break at workstation desk area.",Neutral
"Delighted with service! Fast, reliable, and friendly.",Positive
"Customer support ignored my message for days.",Negative
"Writing weekly project summary report for team.",Neutral
"Awesome service, fast delivery and top quality!",Positive
"System error wiped my saved user preferences.",Negative
"Checking train schedule for upcoming weekend trip.",Neutral
"Super smooth performance and beautiful UI design!",Positive
"Item delivered was damaged inside box package.",Negative
"Having lunch with team members at cafe.",Neutral
"Incredible quality for such an affordable price!",Positive
"Customer service representative was extremely rude today.",Negative
"Updating software dependencies to latest stable release.",Neutral
"Highly recommend this company! Excellent customer service.",Positive
"Frequent server outages make service unusable today.",Negative
"Setting calendar reminders for upcoming project tasks.",Neutral
"Loved the new user interface redesign update!",Positive
"Support agent was unhelpful and closed ticket.",Negative
"Taking short walk around block during lunch.",Neutral
"Fantastic tool! Saves so much time daily.",Positive
"Package lost in transit and support unhelpful.",Negative
"Reading tech news blog during morning commute.",Neutral
"Super intuitive software design, love using it!",Positive
"Order status stuck on processing for weeks.",Negative
"Organizing project files in cloud drive folders.",Neutral
"Very happy with new features added recently!",Positive
"App crashes every time I open settings tab.",Negative
"Checking weather report for tomorrow morning walk.",Neutral
"Delighted with overall quality and fast delivery!",Positive
"Product quality far below what was promised.",Negative
"Taking notes during afternoon team strategy meeting.",Neutral
"Awesome quality and very fast shipping speed!",Positive
"Billing error charged my card twice today.",Negative
"Drinking tea while working on laptop computer.",Neutral
"Incredible service! Staff went out of way.",Positive
"App drains phone battery super fast overnight.",Negative
"Reviewing project code pull request on GitHub.",Neutral
"Great product design, sleek and easy use!",Positive
"Customer care line hung up while waiting.",Negative
"Walking dog around block in neighborhood park.",Neutral
"Highly satisfied with customer support resolution time!",Positive
"App UI design is confusing and hard navigate.",Negative
"Setting up workspace desk monitor and cable layout.",Neutral
"Super fast shipping and product works great!",Positive
"Payment deducted twice but order was canceled.",Negative
"Taking short walk around neighborhood park afternoon.",Neutral
"Loved the packaging and fast delivery speed!",Positive
"Constant server lag makes application unusable today.",Negative
"Having lunch at nearby cafe with colleagues.",Neutral
"Fantastic product! Exceeded my expectations by far.",Positive
"Item delivered was completely wrong model product.",Negative
"Writing summary notes after client phone call.",Neutral
"Delighted with purchase, works exactly as described!",Positive
"Customer support ignored my email for days.",Negative
"Checking flight prices for upcoming holiday travel.",Neutral
"Awesome customer service! Solved my problem fast.",Positive
"Account locked out for no clear reason.",Negative
"Organizing desktop shortcuts and folder file layout.",Neutral
"Super helpful support staff! Resolved everything instantly.",Positive
"Product broke down after just two days.",Negative
"Drinking water while taking quick desk break.",Neutral
"Incredible quality! Very satisfied with my purchase.",Positive
"Customer care refused to accept return request.",Negative
"Taking notes during team weekly status update.",Neutral
"Very happy with product quality and speed!",Positive
"Item came broken inside damaged shipping box.",Negative
"Reviewing project roadmap for next few quarters.",Neutral
"Highly recommend! Everything went smoothly as expected.",Positive
"Support ticket closed without resolving my issue.",Negative
"Walking dog in neighborhood park on sunny day.",Neutral
"Loved the fast shipping and top quality item!",Positive
"Order canceled unexpectedly without reason or notification.",Negative
"Setting up calendar events for next week.",Neutral
"Great service, polite staff and fast shipping!",Positive
"App crashes constantly when saving new changes.",Negative
"Checking weather report for weekend outdoor plans.",Neutral
"Super intuitive UI, easy to use daily!",Positive
"Refund process is extremely tedious and slow.",Negative
"Taking short stretch break away from desk.",Neutral
"Delighted with overall quality and fast response!",Positive
"Support agent was unhelpful and closed chat.",Negative
"Organizing digital photos into categorized subfolders today.",Neutral
"Fantastic product design and sleek modern aesthetic!",Positive
"Billing charge occurred twice on my card.",Negative
"Reading documentation for new software library framework.",Neutral
"Awesome support team, solved my issue fast!",Positive
"Package lost during shipment process no update.",Negative
"Having morning coffee while reviewing daily tasks.",Neutral
"Incredible performance and beautiful user interface overall!",Positive
"Constant popup ads make application unusable today.",Negative
"Writing task list for tomorrow morning goals.",Neutral
"Highly satisfied with overall service experience today!",Positive
"Account suspended without notice or explanation provided.",Negative
"Taking coffee break at office desk workstation.",Neutral
"Super fast delivery and item works perfectly!",Positive
"Product material feels low quality and cheap.",Negative
"Checking train schedule for evening commute home.",Neutral
"Loved how easy setup process was overall!",Positive
"Support tickets take weeks to receive answer.",Negative
"Cleaning out workspace desk drawers and organize.",Neutral
"Very pleased with purchase, fast delivery time!",Positive
"App update completely broke basic search functionality.",Negative
"Reviewing meeting agenda before joining video call.",Neutral
"Delighted with service! Fast, reliable, and friendly.",Positive
"Customer care phone line was busy for hours.",Negative
"Taking notes during morning standup team meeting.",Neutral
"Great purchase! High quality and fast delivery.",Positive
"Product broke on very first day use.",Negative
"Drinking tea while reading book chapter evening.",Neutral
"Awesome service, fast delivery and top quality!",Positive
"Refund taking over month to be processed.",Negative
"Setting up workspace desk layout setup.",Neutral
"Super smooth performance and beautiful UI design!",Positive
"App UI updated but became very clunky.",Negative
"Having lunch with team members at cafe.",Neutral
"Incredible quality for such an affordable price!",Positive
"Customer support ignored my message for days.",Negative
"Reading tech news blog during morning commute.",Neutral
"Highly recommend this company! Excellent customer service.",Positive
"System error wiped my saved user preferences.",Negative
"Taking short walk around neighborhood during lunch.",Neutral
"Loved the new user interface redesign update!",Positive
"Item delivered was damaged inside box package.",Negative
"Checking flight schedules for summer vacation plans.",Neutral
"Fantastic tool! Saves so much time daily.",Positive
"Customer service representative was extremely rude today.",Negative
"Organizing project files in cloud drive folders.",Neutral
"Super intuitive software design, love using it!",Positive
"Frequent server outages make service unusable today.",Negative
"Writing weekly project summary report for team.",Neutral
"Very happy with new features added recently!",Positive
"Support agent was unhelpful and closed ticket.",Negative
"Checking weather report for tomorrow morning walk.",Neutral
"Delighted with overall quality and fast delivery!",Positive
"Order status stuck on processing for weeks.",Negative
"Taking coffee break at workstation desk area.",Neutral
"Awesome quality and very fast shipping speed!",Positive
"App crashes every time I open settings tab.",Negative
"Reviewing project code pull request on GitHub.",Neutral
"Incredible service! Staff went out of way.",Positive
"Product quality far below what was promised.",Negative
"Walking dog around block in neighborhood park.",Neutral
"Great product design, sleek and easy use!",Positive
"Billing error charged my card twice today.",Negative
"Setting calendar reminders for upcoming project tasks.",Neutral
"Highly satisfied with customer support resolution time!",Positive
"App drains phone battery super fast overnight.",Negative
"Taking notes during afternoon team strategy meeting.",Neutral
"Super fast shipping and product works great!",Positive
"Customer care line hung up while waiting.",Negative
"Drinking tea while working on laptop computer.",Neutral
"Loved the packaging and fast delivery speed!",Positive
"App UI design is confusing and hard navigate.",Negative
"Having lunch at nearby cafe with colleagues.",Neutral
"Fantastic product! Exceeded my expectations by far.",Positive
"Payment deducted twice but order was canceled.",Negative
"Checking train schedule for upcoming weekend trip.",Neutral
"Delighted with purchase, works exactly as described!",Positive
"Constant server lag makes application unusable today.",Negative
"Organizing desktop shortcuts and folder file layout.",Neutral
"Awesome customer service! Solved my problem fast.",Positive
"Item delivered was completely wrong model product.",Negative
"Writing summary notes after client phone call.",Neutral
"Super helpful support staff! Resolved everything instantly.",Positive
"Customer support ignored my email for days.",Negative
"Taking short walk around block during lunch.",Neutral
"Incredible quality! Very satisfied with my purchase.",Positive
"Account locked out for no clear reason.",Negative
"Checking flight prices for upcoming holiday travel.",Neutral
"Very happy with product quality and speed!",Positive
"Product broke down after just two days.",Negative
"Setting up calendar events for next week.",Neutral
"Highly recommend! Everything went smoothly as expected.",Positive
"Customer care refused to accept return request.",Negative
"Taking notes during team weekly status update.",Neutral
"Loved the fast shipping and top quality item!",Positive
"Item came broken inside damaged shipping box.",Negative
"Reviewing project roadmap for next few quarters.",Neutral
"Great service, polite staff and fast shipping!",Positive
"Support ticket closed without resolving my issue.",Negative
"Walking dog in neighborhood park on sunny day.",Neutral
"Super intuitive UI, easy to use daily!",Positive
"Order canceled unexpectedly without reason or notification.",Negative
"Checking weather report for weekend outdoor plans.",Neutral
"Delighted with overall quality and fast response!",Positive
"App crashes constantly when saving new changes.",Negative
"Taking short stretch break away from desk.",Neutral
"Fantastic product design and sleek modern aesthetic!",Positive
"Refund process is extremely tedious and slow.",Negative
"Organizing digital photos into categorized subfolders today.",Neutral
"Awesome support team, solved my issue fast!",Positive
"Support agent was unhelpful and closed chat.",Negative
"Having morning coffee while reviewing daily tasks.",Neutral
"Incredible performance and beautiful user interface overall!",Positive
"Billing charge occurred twice on my card.",Negative
"Writing task list for tomorrow morning goals.",Neutral
"Highly satisfied with overall service experience today!",Positive
"Package lost during shipment process no update.",Negative
"Taking coffee break at office desk workstation.",Neutral
"Super fast delivery and item works perfectly!",Positive
"Constant popup ads make application unusable today.",Negative
"Checking train schedule for evening commute home.",Neutral
"Loved how easy setup process was overall!",Positive
"Account suspended without notice or explanation provided.",Negative
"Cleaning out workspace desk drawers and organize.",Neutral
"Very pleased with purchase, fast delivery time!",Positive
"Product material feels low quality and cheap.",Negative
"Reviewing meeting agenda before joining video call.",Neutral
"Delighted with service! Fast, reliable, and friendly.",Positive
"Support tickets take weeks to receive answer.",Negative
"Taking notes during morning standup team meeting.",Neutral
"Great purchase! High quality and fast delivery.",Positive
"App update completely broke basic search functionality.",Negative
"Drinking tea while reading book chapter evening.",Neutral
"Awesome service, fast delivery and top quality!",Positive
"Customer care phone line was busy for hours.",Negative
"Setting up workspace desk layout setup.",Neutral
"Super smooth performance and beautiful UI design!",Positive
"Product broke on very first day use.",Negative
"Having lunch with team members at cafe.",Neutral
"Incredible quality for such an affordable price!",Positive
"Refund taking over month to be processed.",Negative
"Reading tech news blog during morning commute.",Neutral
"Highly recommend this company! Excellent customer service.",Positive
"App UI updated but became very clunky.",Negative
"Taking short walk around neighborhood during lunch.",Neutral
"Loved the new user interface redesign update!",Positive
"Customer support ignored my message for days.",Negative
"Checking flight schedules for summer vacation plans.",Neutral
"Fantastic tool! Saves so much time daily.",Positive
"System error wiped my saved user preferences.",Negative
"Organizing project files in cloud drive folders.",Neutral
"Super intuitive software design, love using it!",Positive
"Item delivered was damaged inside box package.",Negative
"Writing weekly project summary report for team.",Neutral
"Very happy with new features added recently!",Positive
"Customer service representative was extremely rude today.",Negative
"Checking weather report for tomorrow morning walk.",Neutral
"Delighted with overall quality and fast delivery!",Positive
"Frequent server outages make service unusable today.",Negative
"Taking coffee break at workstation desk area.",Neutral
"Awesome quality and very fast shipping speed!",Positive
"Support agent was unhelpful and closed ticket.",Negative
"Reviewing project code pull request on GitHub.",Neutral
"Incredible service! Staff went out of way.",Positive
"Order status stuck on processing for weeks.",Negative
"Walking dog around block in neighborhood park.",Neutral
"Great product design, sleek and easy use!",Positive
"App crashes every time I open settings tab.",Negative
"Setting calendar reminders for upcoming project tasks.",Neutral
"Highly satisfied with customer support resolution time!",Positive
"Product quality far below what was promised.",Negative
"Taking notes during afternoon team strategy meeting.",Neutral
"Super fast shipping and product works great!",Positive
"Billing error charged my card twice today.",Negative
"Drinking tea while working on laptop computer.",Neutral
"Loved the packaging and fast delivery speed!",Positive
"App drains phone battery super fast overnight.",Negative
"Having lunch at nearby cafe with colleagues.",Neutral
"Fantastic product! Exceeded my expectations by far.",Positive
"Customer care line hung up while waiting.",Negative
"Checking train schedule for upcoming weekend trip.",Neutral
"Delighted with purchase, works exactly as described!",Positive
"App UI design is confusing and hard navigate.",Negative
"Organizing desktop shortcuts and folder file layout.",Neutral
"Awesome customer service! Solved my problem fast.",Positive
"Payment deducted twice but order was canceled.",Negative
"Writing summary notes after client phone call.",Neutral
"Super helpful support staff! Resolved everything instantly.",Positive
"Constant server lag makes application unusable today.",Negative
"Taking short walk around block during lunch.",Neutral
"Incredible quality! Very satisfied with my purchase.",Positive
"Item delivered was completely wrong model product.",Negative
"Checking flight prices for upcoming holiday travel.",Neutral
"Very happy with product quality and speed!",Positive
"Customer support ignored my email for days.",Negative
"Setting up calendar events for next week.",Neutral
"Highly recommend! Everything went smoothly as expected.",Positive
"Account locked out for no clear reason.",Negative
"Taking notes during team weekly status update.",Neutral
"Loved the fast shipping and top quality item!",Positive
"Product broke down after just two days.",Negative
"Reviewing project roadmap for next few quarters.",Neutral
"Great service, polite staff and fast shipping!",Positive
"Customer care refused to accept return request.",Negative
"Walking dog in neighborhood park on sunny day.",Neutral
"Super intuitive UI, easy to use daily!",Positive
"Item came broken inside damaged shipping box.",Negative
"Checking weather report for weekend outdoor plans.",Neutral
"Delighted with overall quality and fast response!",Positive
"Support ticket closed without resolving my issue.",Negative
"Taking short stretch break away from desk.",Neutral
"Fantastic product design and sleek modern aesthetic!",Positive
"Order canceled unexpectedly without reason or notification.",Negative
"Organizing digital photos into categorized subfolders today.",Neutral
"Awesome support team, solved my issue fast!",Positive
"App crashes constantly when saving new changes.",Negative
"Having morning coffee while reviewing daily tasks.",Neutral
"Incredible performance and beautiful user interface overall!",Positive
"Refund process is extremely tedious and slow.",Negative
"Writing task list for tomorrow morning goals.",Neutral
"Highly satisfied with overall service experience today!",Positive
"Support agent was unhelpful and closed chat.",Negative
"Taking coffee break at office desk workstation.",Neutral
"Super fast delivery and item works perfectly!",Positive
"Billing charge occurred twice on my card.",Negative
"Checking train schedule for evening commute home.",Neutral
"Loved how easy setup process was overall!",Positive
"Package lost during shipment process no update.",Negative
"Cleaning out workspace desk drawers and organize.",Neutral
"Very pleased with purchase, fast delivery time!",Positive
"Constant popup ads make application unusable today.",Negative
"Reviewing meeting agenda before joining video call.",Neutral
"Delighted with service! Fast, reliable, and friendly.",Positive
"Account suspended without notice or explanation provided.",Negative
"Taking notes during morning standup team meeting.",Neutral
"Great purchase! High quality and fast delivery.",Positive
"Product material feels low quality and cheap.",Negative
"Drinking tea while reading book chapter evening.",Neutral
"Awesome service, fast delivery and top quality!",Positive
"Support tickets take weeks to receive answer.",Negative
"Setting up workspace desk layout setup.",Neutral
"Super smooth performance and beautiful UI design!",Positive
"App update completely broke basic search functionality.",Negative
"Having lunch with team members at cafe.",Neutral
"Incredible quality for such an affordable price!",Positive
"Customer care phone line was busy for hours.",Negative
"Reading tech news blog during morning commute.",Neutral
"Highly recommend this company! Excellent customer service.",Positive
"Product broke on very first day use.",Negative
"Taking short walk around neighborhood during lunch.",Neutral
"Loved the new user interface redesign update!",Positive
"Refund taking over month to be processed.",Negative
"Checking flight schedules for summer vacation plans.",Neutral
"Fantastic tool! Saves so much time daily.",Positive
"App UI updated but became very clunky.",Negative
"Organizing project files in cloud drive folders.",Neutral
"Super intuitive software design, love using it!",Positive
"Customer support ignored my message for days.",Negative
"Writing weekly project summary report for team.",Neutral
"Very happy with new features added recently!",Positive
"System error wiped my saved user preferences.",Negative
"Checking weather report for tomorrow morning walk.",Neutral
"Delighted with overall quality and fast delivery!",Positive
"Item delivered was damaged inside box package.",Negative
"Taking coffee break at workstation desk area.",Neutral
"Awesome quality and very fast shipping speed!",Positive
"Customer service representative was extremely rude today.",Negative
"Reviewing project code pull request on GitHub.",Neutral
"Incredible service! Staff went out of way.",Positive
"Frequent server outages make service unusable today.",Negative
"Walking dog around block in neighborhood park.",Neutral
"Great product design, sleek and easy use!",Positive
"Support agent was unhelpful and closed ticket.",Negative
"Setting calendar reminders for upcoming project tasks.",Neutral
"Highly satisfied with customer support resolution time!",Positive
"Order status stuck on processing for weeks.",Negative
"Taking notes during afternoon team strategy meeting.",Neutral
"Super fast shipping and product works great!",Positive
"App crashes every time I open settings tab.",Negative
"Drinking tea while working on laptop computer.",Neutral
"Loved the packaging and fast delivery speed!",Positive
"Product quality far below what was promised.",Negative
"Having lunch at nearby cafe with colleagues.",Neutral
"Fantastic product! Exceeded my expectations by far.",Positive
"Billing error charged my card twice today.",Negative
"Checking train schedule for upcoming weekend trip.",Neutral
"Delighted with purchase, works exactly as described!",Positive
"App drains phone battery super fast overnight.",Negative
"Organizing desktop shortcuts and folder file layout.",Neutral
"Awesome customer service! Solved my problem fast.",Positive
"Customer care line hung up while waiting.",Negative
"Writing summary notes after client phone call.",Neutral
"Super helpful support staff! Resolved everything instantly.",Positive
"App UI design is confusing and hard navigate.",Negative
"Taking short walk around block during lunch.",Neutral
"Incredible quality! Very satisfied with my purchase.",Positive
"Payment deducted twice but order was canceled.",Negative
"Checking flight prices for upcoming holiday travel.",Neutral
"Very happy with product quality and speed!",Positive
"Constant server lag makes application unusable today.",Negative
"Setting up calendar events for next week.",Neutral
"Highly recommend! Everything went smoothly as expected.",Positive
"Item delivered was completely wrong model product.",Negative
"Taking notes during team weekly status update.",Neutral
"Loved the fast shipping and top quality item!",Positive
"Customer support ignored my email for days.",Negative
"Reviewing project roadmap for next few quarters.",Neutral
"Great service, polite staff and fast shipping!",Positive
"Account locked out for no clear reason.",Negative
"Walking dog in neighborhood park on sunny day.",Neutral
"Super intuitive UI, easy to use daily!",Positive
"Product broke down after just two days.",Negative
"Checking weather report for weekend outdoor plans.",Neutral
"Delighted with overall quality and fast response!",Positive
"Customer care refused to accept return request.",Negative
"Taking short stretch break away from desk.",Neutral
"Fantastic product design and sleek modern aesthetic!",Positive
"Item came broken inside damaged shipping box.",Negative
"Organizing digital photos into categorized subfolders today.",Neutral
"Awesome support team, solved my issue fast!",Positive
"Support ticket closed without resolving my issue.",Negative
"Having morning coffee while reviewing daily tasks.",Neutral
"Incredible performance and beautiful user interface overall!",Positive
"Order canceled unexpectedly without reason or notification.",Negative
"Writing task list for tomorrow morning goals.",Neutral
"Highly satisfied with overall service experience today!",Positive
"App crashes constantly when saving new changes.",Negative
"Taking coffee break at office desk workstation.",Neutral
"Super fast delivery and item works perfectly!",Positive
"Refund process is extremely tedious and slow.",Negative
"Checking train schedule for evening commute home.",Neutral
"Loved how easy setup process was overall!",Positive
"Support agent was unhelpful and closed chat.",Negative
"Cleaning out workspace desk drawers and organize.",Neutral
"Very pleased with purchase, fast delivery time!",Positive
"Billing charge occurred twice on my card.",Negative
"Reviewing meeting agenda before joining video call.",Neutral
"Delighted with service! Fast, reliable, and friendly.",Positive
"Package lost during shipment process no update.",Negative
"Taking notes during morning standup team meeting.",Neutral
"Great purchase! High quality and fast delivery.",Positive
"Constant popup ads make application unusable today.",Negative
"Drinking tea while reading book chapter evening.",Neutral
"Awesome service, fast delivery and top quality!",Positive
"Account suspended without notice or explanation provided.",Negative
"Setting up workspace desk layout setup.",Neutral
"Super smooth performance and beautiful UI design!",Positive
"Product material feels low quality and cheap.",Negative
"Having lunch with team members at cafe.",Neutral
"Incredible quality for such an affordable price!",Positive
"Support tickets take weeks to receive answer.",Negative
"Reading tech news blog during morning commute.",Neutral
"Highly recommend this company! Excellent customer service.",Positive
"App update completely broke basic search functionality.",Negative
"Taking short walk around neighborhood during lunch.",Neutral
"Loved the new user interface redesign update!",Positive
"Customer care phone line was busy for hours.",Negative
"Checking flight schedules for summer vacation plans.",Neutral
"Fantastic tool! Saves so much time daily.",Positive
"Product broke on very first day use.",Negative
"Organizing project files in cloud drive folders.",Neutral
"Super intuitive software design, love using it!",Positive
"Refund taking over month to be processed.",Negative
"Writing weekly project summary report for team.",Neutral
"Very happy with new features added recently!",Positive
"App UI updated but became very clunky.",Negative
"Checking weather report for tomorrow morning walk.",Neutral
"Delighted with overall quality and fast delivery!",Positive
"Customer support ignored my message for days.",Negative
"Taking coffee break at workstation desk area.",Neutral
"Awesome quality and very fast shipping speed!",Positive
"System error wiped my saved user preferences.",Negative
"Reviewing project code pull request on GitHub.",Neutral
"Incredible service! Staff went out of way.",Positive
"Item delivered was damaged inside box package.",Negative
"Walking dog around block in neighborhood park.",Neutral
"Great product design, sleek and easy use!",Positive
"Customer service representative was extremely rude today.",Negative
"Setting calendar reminders for upcoming project tasks.",Neutral
"Highly satisfied with customer support resolution time!",Positive
"Frequent server outages make service unusable today.",Negative
"Taking notes during afternoon team strategy meeting.",Neutral
"Super fast shipping and product works great!",Positive
"Support agent was unhelpful and closed ticket.",Negative
"Drinking tea while working on laptop computer.",Neutral
"Loved the packaging and fast delivery speed!",Positive
"Order status stuck on processing for weeks.",Negative
"Having lunch at nearby cafe with colleagues.",Neutral
"Fantastic product! Exceeded my expectations by far.",Positive
"App crashes every time I open settings tab.",Negative
"Checking train schedule for upcoming weekend trip.",Neutral
"Delighted with purchase, works exactly as described!",Positive
"Product quality far below what was promised.",Negative
"Organizing desktop shortcuts and folder file layout.",Neutral
"Awesome customer service! Solved my problem fast.",Positive
"Billing error charged my card twice today.",Negative
"Writing summary notes after client phone call.",Neutral
"Super helpful support staff! Resolved everything instantly.",Positive
"App drains phone battery super fast overnight.",Negative
"Taking short walk around block during lunch.",Neutral
"Incredible quality! Very satisfied with my purchase.",Positive
"Customer care line hung up while waiting.",Negative
"Checking flight prices for upcoming holiday travel.",Neutral
"Very happy with product quality and speed!",Positive
"App UI design is confusing and hard navigate.",Negative
"Setting up calendar events for next week.",Neutral
"Highly recommend! Everything went smoothly as expected.",Positive
"Payment deducted twice but order was canceled.",Negative
"Taking notes during team weekly status update.",Neutral
"Loved the fast shipping and top quality item!",Positive
"Constant server lag makes application unusable today.",Negative
"Reviewing project roadmap for next few quarters.",Neutral
"Great service, polite staff and fast shipping!",Positive
"Item delivered was completely wrong model product.",Negative
"Walking dog in neighborhood park on sunny day.",Neutral
"Super intuitive UI, easy to use daily!",Positive
"Customer support ignored my email for days.",Negative
"Checking weather report for weekend outdoor plans.",Neutral
"Delighted with overall quality and fast response!",Positive
"Account locked out for no clear reason.",Negative
"Taking short stretch break away from desk.",Neutral
"Fantastic product design and sleek modern aesthetic!",Positive
"Product broke down after just two days.",Negative
"Organizing digital photos into categorized subfolders today.",Neutral
"Awesome support team, solved my issue fast!",Positive
"Customer care refused to accept return request.",Negative
"Having morning coffee while reviewing daily tasks.",Neutral
"Incredible performance and beautiful user interface overall!",Positive
"Item came broken inside damaged shipping box.",Negative
"Writing task list for tomorrow morning goals.",Neutral
"Highly satisfied with overall service experience today!",Positive
"Support ticket closed without resolving my issue.",Negative
"Taking coffee break at office desk workstation.",Neutral
"Super fast delivery and item works perfectly!",Positive
"Order canceled unexpectedly without reason or notification.",Negative
"Checking train schedule for evening commute home.",Neutral
"Loved how easy setup process was overall!",Positive
"App crashes constantly when saving new changes.",Negative
"Cleaning out workspace desk drawers and organize.",Neutral
"Very pleased with purchase, fast delivery time!",Positive
"Refund process is extremely tedious and slow.",Negative
"Reviewing meeting agenda before joining video call.",Neutral
"Delighted with service! Fast, reliable, and friendly.",Positive
"Support agent was unhelpful and closed chat.",Negative
"Taking notes during morning standup team meeting.",Neutral
"Great purchase! High quality and fast delivery.",Positive
"Billing charge occurred twice on my card.",Negative
"Drinking tea while reading book chapter evening.",Neutral
"Awesome service, fast delivery and top quality!",Positive
"Package lost during shipment process no update.",Negative
"Setting up workspace desk layout setup.",Neutral
"Super smooth performance and beautiful UI design!",Positive
"Constant popup ads make application unusable today.",Negative
"Having lunch with team members at cafe.",Neutral
"Incredible quality for such an affordable price!",Positive
"Account suspended without notice or explanation provided.",Negative
"Reading tech news blog during morning commute.",Neutral
"Highly recommend this company! Excellent customer service.",Positive
"Product material feels low quality and cheap.",Negative
"Taking short walk around neighborhood during lunch.",Neutral
"Loved the new user interface redesign update!",Positive
"Support tickets take weeks to receive answer.",Negative
"Checking flight schedules for summer vacation plans.",Neutral
"Fantastic tool! Saves so much time daily.",Positive
"App update completely broke basic search functionality.",Negative
"Organizing project files in cloud drive folders.",Neutral
"Super intuitive software design, love using it!",Positive
"Customer care phone line was busy for hours.",Negative
"Writing weekly project summary report for team.",Neutral
"Very happy with new features added recently!",Positive
"Product broke on very first day use.",Negative
"Checking weather report for tomorrow morning walk.",Neutral
"Delighted with overall quality and fast delivery!",Positive
"Refund taking over month to be processed.",Negative
"Taking coffee break at workstation desk area.",Neutral
"Awesome quality and very fast shipping speed!",Positive
"App UI updated but became very clunky.",Negative
"Reviewing project code pull request on GitHub.",Neutral
"Incredible service! Staff went out of way.",Positive
"Customer support ignored my message for days.",Negative
"Walking dog around block in neighborhood park.",Neutral
"Great product design, sleek and easy use!",Positive
"System error wiped my saved user preferences.",Negative
"Setting calendar reminders for upcoming project tasks.",Neutral
"Highly satisfied with customer support resolution time!",Positive
"Item delivered was damaged inside box package.",Negative
"Taking notes during afternoon team strategy meeting.",Neutral
"Super fast shipping and product works great!",Positive
"Customer service representative was extremely rude today.",Negative
"Drinking tea while working on laptop computer.",Neutral
"Loved the packaging and fast delivery speed!",Positive
"Frequent server outages make service unusable today.",Negative
"Having lunch at nearby cafe with colleagues.",Neutral
"Fantastic product! Exceeded my expectations by far.",Positive
"Support agent was unhelpful and closed ticket.",Negative
"Checking train schedule for upcoming weekend trip.",Neutral
"Delighted with purchase, works exactly as described!",Positive
"Order status stuck on processing for weeks.",Negative
"Organizing desktop shortcuts and folder file layout.",Neutral
"Awesome customer service! Solved my problem fast.",Positive
"App crashes every time I open settings tab.",Negative
"Writing summary notes after client phone call.",Neutral
"Super helpful support staff! Resolved everything instantly.",Positive
"Product quality far below what was promised.",Negative
"Taking short walk around block during lunch.",Neutral
"Incredible quality! Very satisfied with my purchase.",Positive
"Billing error charged my card twice today.",Negative
"Checking flight prices for upcoming holiday travel.",Neutral
"Very happy with product quality and speed!",Positive
"App drains phone battery super fast overnight.",Negative
"Setting up calendar events for next week.",Neutral
"Highly recommend! Everything went smoothly as expected.",Positive
"Customer care line hung up while waiting.",Negative
"Taking notes during team weekly status update.",Neutral
"Loved the fast shipping and top quality item!",Positive
"App UI design is confusing and hard navigate.",Negative
"Reviewing project roadmap for next few quarters.",Neutral
"Great service, polite staff and fast shipping!",Positive
"Payment deducted twice but order was canceled.",Negative
"Walking dog in neighborhood park on sunny day.",Neutral
"Super intuitive UI, easy to use daily!",Positive
"Constant server lag makes application unusable today.",Negative
"Checking weather report for weekend outdoor plans.",Neutral
"Delighted with overall quality and fast response!",Positive
"Item delivered was completely wrong model product.",Negative
"Taking short stretch break away from desk.",Neutral
"Fantastic product design and sleek modern aesthetic!",Positive
"Customer support ignored my email for days.",Negative
"Organizing digital photos into categorized subfolders today.",Neutral
"Awesome support team, solved my issue fast!",Positive
"Account locked out for no clear reason.",Negative
"Having morning coffee while reviewing daily tasks.",Neutral
"Incredible performance and beautiful user interface overall!",Positive
"Product broke down after just two days.",Negative
"Writing task list for tomorrow morning goals.",Neutral
"Highly satisfied with overall service experience today!",Positive
"Customer care refused to accept return request.",Negative
"Taking coffee break at office desk workstation.",Neutral
"Super fast delivery and item works perfectly!",Positive
"Item came broken inside damaged shipping box.",Negative
"Checking train schedule for evening commute home.",Neutral
"Loved how easy setup process was overall!",Positive
"Support ticket closed without resolving my issue.",Negative
"Cleaning out workspace desk drawers and organize.",Neutral
"Very pleased with purchase, fast delivery time!",Positive
"Order canceled unexpectedly without reason or notification.",Negative
"Reviewing meeting agenda before joining video call.",Neutral
"Delighted with service! Fast, reliable, and friendly.",Positive
"App crashes constantly when saving new changes.",Negative
"Taking notes during morning standup team meeting.",Neutral
"Great purchase! High quality and fast delivery.",Positive
"Refund process is extremely tedious and slow.",Negative
"Drinking tea while reading book chapter evening.",Neutral
"Awesome service, fast delivery and top quality!",Positive
"Support agent was unhelpful and closed chat.",Negative
"Setting up workspace desk layout setup.",Neutral
"Super smooth performance and beautiful UI design!",Positive
"Billing charge occurred twice on my card.",Negative
"Having lunch with team members at cafe.",Neutral
"Incredible quality for such an affordable price!",Positive
"Package lost during shipment process no update.",Negative
"Reading tech news blog during morning commute.",Neutral
"Highly recommend this company! Excellent customer service.",Positive
"Constant popup ads make application unusable today.",Negative
"Taking short walk around neighborhood during lunch.",Neutral
"Loved the new user interface redesign update!",Positive
"Account suspended without notice or explanation provided.",Negative
"Checking flight schedules for summer vacation plans.",Neutral
"Fantastic tool! Saves so much time daily.",Positive
"Product material feels low quality and cheap.",Negative
"Organizing project files in cloud drive folders.",Neutral
"Super intuitive software design, love using it!",Positive
"Support tickets take weeks to receive answer.",Negative
"Writing weekly project summary report for team.",Neutral
"Very happy with new features added recently!",Positive
"App update completely broke basic search functionality.",Negative
"Checking weather report for tomorrow morning walk.",Neutral
"Delighted with overall quality and fast delivery!",Positive
"Customer care phone line was busy for hours.",Negative
"Taking coffee break at workstation desk area.",Neutral
"Awesome quality and very fast shipping speed!",Positive
"Product broke on very first day use.",Negative
"Reviewing project code pull request on GitHub.",Neutral
"Incredible service! Staff went out of way.",Positive
"Refund taking over month to be processed.",Negative
"Walking dog around block in neighborhood park.",Neutral
"Great product design, sleek and easy use!",Positive
"App UI updated but became very clunky.",Negative
"Setting calendar reminders for upcoming project tasks.",Neutral
"Highly satisfied with customer support resolution time!",Positive
"Customer support ignored my message for days.",Negative
"Taking notes during afternoon team strategy meeting.",Neutral
"Super fast shipping and product works great!",Positive
"System error wiped my saved user preferences.",Negative
"Drinking tea while working on laptop computer.",Neutral
"Loved the packaging and fast delivery speed!",Positive
"Item delivered was damaged inside box package.",Negative
"Having lunch at nearby cafe with colleagues.",Neutral
"Fantastic product! Exceeded my expectations by far.",Positive
"Customer service representative was extremely rude today.",Negative
"Checking train schedule for upcoming weekend trip.",Neutral
"Delighted with purchase, works exactly as described!",Positive
"Frequent server outages make service unusable today.",Negative
"Organizing desktop shortcuts and folder file layout.",Neutral
"Awesome customer service! Solved my problem fast.",Positive
"Support agent was unhelpful and closed ticket.",Negative
"Writing summary notes after client phone call.",Neutral
"Super helpful support staff! Resolved everything instantly.",Positive
"Order status stuck on processing for weeks.",Negative
"Taking short walk around block during lunch.",Neutral
"Incredible quality! Very satisfied with my purchase.",Positive
"App crashes every time I open settings tab.",Negative
"Checking flight prices for upcoming holiday travel.",Neutral
"Very happy with product quality and speed!",Positive
"Product quality far below what was promised.",Negative
"Setting up calendar events for next week.",Neutral
"Highly recommend! Everything went smoothly as expected.",Positive
"Billing error charged my card twice today.",Negative
"Taking notes during team weekly status update.",Neutral
"Loved the fast shipping and top quality item!",Positive
"App drains phone battery super fast overnight.",Negative
"Reviewing project roadmap for next few quarters.",Neutral
"Great service, polite staff and fast shipping!",Positive
"Customer care line hung up while waiting.",Negative
"Walking dog in neighborhood park on sunny day.",Neutral
"Super intuitive UI, easy to use daily!",Positive
"App UI design is confusing and hard navigate.",Negative
"Checking weather report for weekend outdoor plans.",Neutral
"Delighted with overall quality and fast response!",Positive
"Payment deducted twice but order was canceled.",Negative
"Taking short stretch break away from desk.",Neutral
"Fantastic product design and sleek modern aesthetic!",Positive
"Constant server lag makes application unusable today.",Negative
"Organizing digital photos into categorized subfolders today.",Neutral
"Awesome support team, solved my issue fast!",Positive
"Item delivered was completely wrong model product.",Negative
"Having morning coffee while reviewing daily tasks.",Neutral
"Incredible performance and beautiful user interface overall!",Positive
"Customer support ignored my email for days.",Negative
"Writing task list for tomorrow morning goals.",Neutral
"Highly satisfied with overall service experience today!",Positive
"Account locked out for no clear reason.",Negative
"Taking coffee break at office desk workstation.",Neutral
"Super fast delivery and item works perfectly!",Positive
"Product broke down after just two days.",Negative
"Checking train schedule for evening commute home.",Neutral
"Loved how easy setup process was overall!",Positive
"Customer care refused to accept return request.",Negative
"Cleaning out workspace desk drawers and organize.",Neutral
"Very pleased with purchase, fast delivery time!",Positive
"Item came broken inside damaged shipping box.",Negative
"Reviewing meeting agenda before joining video call.",Neutral
"Delighted with service! Fast, reliable, and friendly.",Positive
"Support ticket closed without resolving my issue.",Negative
"Taking notes during morning standup team meeting.",Neutral
"Great purchase! High quality and fast delivery.",Positive
"Order canceled unexpectedly without reason or notification.",Negative
"Drinking tea while reading book chapter evening.",Neutral
"Awesome service, fast delivery and top quality!",Positive
"App crashes constantly when saving new changes.",Negative
"Setting up workspace desk layout setup.",Neutral
"Super smooth performance and beautiful UI design!",Positive
"Refund process is extremely tedious and slow.",Negative
"Having lunch with team members at cafe.",Neutral
"Incredible quality for such an affordable price!",Positive
"Support agent was unhelpful and closed chat.",Negative
"Reading tech news blog during morning commute.",Neutral
"Highly recommend this company! Excellent customer service.",Positive
"Billing charge occurred twice on my card.",Negative
"Taking short walk around neighborhood during lunch.",Neutral
"Loved the new user interface redesign update!",Positive
"Package lost during shipment process no update.",Negative
"Checking flight schedules for summer vacation plans.",Neutral
"Fantastic tool! Saves so much time daily.",Positive
"Constant popup ads make application unusable today.",Negative
"Organizing project files in cloud drive folders.",Neutral
"Super intuitive software design, love using it!",Positive
"Account suspended without notice or explanation provided.",Negative
"Writing weekly project summary report for team.",Neutral
"Very happy with new features added recently!",Positive
"Product material feels low quality and cheap.",Negative
"Checking weather report for tomorrow morning walk.",Neutral
"Delighted with overall quality and fast delivery!",Positive
"Support tickets take weeks to receive answer.",Negative
"Taking coffee break at workstation desk area.",Neutral
"Awesome quality and very fast shipping speed!",Positive
"App update completely broke basic search functionality.",Negative
"Reviewing project code pull request on GitHub.",Neutral
"Incredible service! Staff went out of way.",Positive
"Customer care phone line was busy for hours.",Negative
"Walking dog around block in neighborhood park.",Neutral
"Great product design, sleek and easy use!",Positive
"Product broke on very first day use.",Negative
"Setting calendar reminders for upcoming project tasks.",Neutral
"Highly satisfied with customer support resolution time!",Positive
"Refund taking over month to be processed.",Negative
"Taking notes during afternoon team strategy meeting.",Neutral
"Super fast shipping and product works great!",Positive
"App UI updated but became very clunky.",Negative
"Drinking tea while working on laptop computer.",Neutral
"Loved the packaging and fast delivery speed!",Positive
"Customer support ignored my message for days.",Negative
"Having lunch at nearby cafe with colleagues.",Neutral
"Fantastic product! Exceeded my expectations by far.",Positive
"System error wiped my saved user preferences.",Negative
"Checking train schedule for upcoming weekend trip.",Neutral
"Delighted with purchase, works exactly as described!",Positive
"Item delivered was damaged inside box package.",Negative
"Organizing desktop shortcuts and folder file layout.",Neutral
"Awesome customer service! Solved my problem fast.",Positive
"Customer service representative was extremely rude today.",Negative
"Writing summary notes after client phone call.",Neutral
"Super helpful support staff! Resolved everything instantly.",Positive
"Frequent server outages make service unusable today.",Negative
"Taking short walk around block during lunch.",Neutral
"Incredible quality! Very satisfied with my purchase.",Positive
"Support agent was unhelpful and closed ticket.",Negative
"Checking flight prices for upcoming holiday travel.",Neutral
"Very happy with product quality and speed!",Positive
"Order status stuck on processing for weeks.",Negative
"Setting up calendar events for next week.",Neutral
"Highly recommend! Everything went smoothly as expected.",Positive
"App crashes every time I open settings tab.",Negative
"Taking notes during team weekly status update.",Neutral
"Loved the fast shipping and top quality item!",Positive
"Product quality far below what was promised.",Negative
"Reviewing project roadmap for next few quarters.",Neutral
"Great service, polite staff and fast shipping!",Positive
"Billing error charged my card twice today.",Negative
"Walking dog in neighborhood park on sunny day.",Neutral
"Super intuitive UI, easy to use daily!",Positive
"App drains phone battery super fast overnight.",Negative
"Checking weather report for weekend outdoor plans.",Neutral
"Delighted with overall quality and fast response!",Positive
"Customer care line hung up while waiting.",Negative
"Taking short stretch break away from desk.",Neutral
"Fantastic product design and sleek modern aesthetic!",Positive
"App UI design is confusing and hard navigate.",Negative
"Organizing digital photos into categorized subfolders today.",Neutral
"Awesome support team, solved my issue fast!",Positive
"Payment deducted twice but order was canceled.",Negative
"Having morning coffee while reviewing daily tasks.",Neutral
"Incredible performance and beautiful user interface overall!",Positive
"Constant server lag makes application unusable today.",Negative
"Writing task list for tomorrow morning goals.",Neutral
"Highly satisfied with overall service experience today!",Positive
"Item delivered was completely wrong model product.",Negative
"Taking coffee break at office desk workstation.",Neutral
"Super fast delivery and item works perfectly!",Positive
"Customer support ignored my email for days.",Negative
"Checking train schedule for evening commute home.",Neutral
"Loved how easy setup process was overall!",Positive
"Account locked out for no clear reason.",Negative
"Cleaning out workspace desk drawers and organize.",Neutral
"Very pleased with purchase, fast delivery time!",Positive
"Product broke down after just two days.",Negative
"Reviewing meeting agenda before joining video call.",Neutral
"Delighted with service! Fast, reliable, and friendly.",Positive
"Customer care refused to accept return request.",Negative
"Taking notes during morning standup team meeting.",Neutral
"Great purchase! High quality and fast delivery.",Positive
"Item came broken inside damaged shipping box.",Negative
"Drinking tea while reading book chapter evening.",Neutral
"Awesome service, fast delivery and top quality!",Positive
"Support ticket closed without resolving my issue.",Negative
"Setting up workspace desk layout setup.",Neutral
"Super smooth performance and beautiful UI design!",Positive
"Order canceled unexpectedly without reason or notification.",Negative
"Having lunch with team members at cafe.",Neutral
"Incredible quality for such an affordable price!",Positive
"App crashes constantly when saving new changes.",Negative
"Reading tech news blog during morning commute.",Neutral
"Highly recommend this company! Excellent customer service.",Positive
"Refund process is extremely tedious and slow.",Negative
"Taking short walk around neighborhood during lunch.",Neutral
"Loved the new user interface redesign update!",Positive
"Support agent was unhelpful and closed chat.",Negative
"Checking flight schedules for summer vacation plans.",Neutral
"Fantastic tool! Saves so much time daily.",Positive
"Billing charge occurred twice on my card.",Negative
"Organizing project files in cloud drive folders.",Neutral
"Super intuitive software design, love using it!",Positive
"Package lost during shipment process no update.",Negative
"Writing weekly project summary report for team.",Neutral
"Very happy with new features added recently!",Positive
"Constant popup ads make application unusable today.",Negative
"Checking weather report for tomorrow morning walk.",Neutral
"Delighted with overall quality and fast delivery!",Positive
"Account suspended without notice or explanation provided.",Negative
"Taking coffee break at workstation desk area.",Neutral
"Awesome quality and very fast shipping speed!",Positive
"Product material feels low quality and cheap.",Negative
"Reviewing project code pull request on GitHub.",Neutral
"Incredible service! Staff went out of way.",Positive
"Support tickets take weeks to receive answer.",Negative
"Walking dog around block in neighborhood park.",Neutral
"Great product design, sleek and easy use!",Positive
"App update completely broke basic search functionality.",Negative
"Setting calendar reminders for upcoming project tasks.",Neutral
"Highly satisfied with customer support resolution time!",Positive
"Customer care phone line was busy for hours.",Negative
"Taking notes during afternoon team strategy meeting.",Neutral
"Super fast shipping and product works great!",Positive
"Product broke on very first day use.",Negative
"Drinking tea while working on laptop computer.",Neutral
"Loved the packaging and fast delivery speed!",Positive
"Refund taking over month to be processed.",Negative
"Having lunch at nearby cafe with colleagues.",Neutral
"Fantastic product! Exceeded my expectations by far.",Positive
"App UI updated but became very clunky.",Negative
"Checking train schedule for upcoming weekend trip.",Neutral
"Delighted with purchase, works exactly as described!",Positive
"Customer support ignored my message for days.",Negative
"Organizing desktop shortcuts and folder file layout.",Neutral
"Awesome customer service! Solved my problem fast.",Positive
"System error wiped my saved user preferences.",Negative
"Writing summary notes after client phone call.",Neutral
"Super helpful support staff! Resolved everything instantly.",Positive
"Item delivered was damaged inside box package.",Negative
"Taking short walk around block during lunch.",Neutral
"Incredible quality! Very satisfied with my purchase.",Positive
"Customer service representative was extremely rude today.",Negative
"Checking flight prices for upcoming holiday travel.",Neutral
"Very happy with product quality and speed!",Positive
"Frequent server outages make service unusable today.",Negative
"Setting up calendar events for next week.",Neutral
"Highly recommend! Everything went smoothly as expected.",Positive
"Support agent was unhelpful and closed ticket.",Negative
"Taking notes during team weekly status update.",Neutral
"Loved the fast shipping and top quality item!",Positive
"Order status stuck on processing for weeks.",Negative
"Reviewing project roadmap for next few quarters.",Neutral
"Great service, polite staff and fast shipping!",Positive
"App crashes every time I open settings tab.",Negative
"Walking dog in neighborhood park on sunny day.",Neutral
"Super intuitive UI, easy to use daily!",Positive
"Product quality far below what was promised.",Negative
"Checking weather report for weekend outdoor plans.",Neutral
"Delighted with overall quality and fast response!",Positive
"Billing error charged my card twice today.",Negative
"Taking short stretch break away from desk.",Neutral
"Fantastic product design and sleek modern aesthetic!",Positive
"App drains phone battery super fast overnight.",Negative
"Organizing digital photos into categorized subfolders today.",Neutral
"Awesome support team, solved my issue fast!",Positive
"Customer care line hung up while waiting.",Negative
"Having morning coffee while reviewing daily tasks.",Neutral
"Incredible performance and beautiful user interface overall!",Positive
"App UI design is confusing and hard navigate.",Negative
"Writing task list for tomorrow morning goals.",Neutral
"Highly satisfied with overall service experience today!",Positive
"Payment deducted twice but order was canceled.",Negative
"Taking coffee break at office desk workstation.",Neutral
"Super fast delivery and item works perfectly!",Positive
"Constant server lag makes application unusable today.",Negative
"Checking train schedule for evening commute home.",Neutral
"Loved how easy setup process was overall!",Positive
"Item delivered was completely wrong model product.",Negative
"Cleaning out workspace desk drawers and organize.",Neutral
"Very pleased with purchase, fast delivery time!",Positive
"Customer support ignored my email for days.",Negative
"Reviewing meeting agenda before joining video call.",Neutral
"Delighted with service! Fast, reliable, and friendly.",Positive
"Account locked out for no clear reason.",Negative
"Taking notes during morning standup team meeting.",Neutral
"Great purchase! High quality and fast delivery.",Positive
"Product broke down after just two days.",Negative
"Drinking tea while reading book chapter evening.",Neutral
"Awesome service, fast delivery and top quality!",Positive
"Customer care refused to accept return request.",Negative
"Setting up workspace desk layout setup.",Neutral
"Super smooth performance and beautiful UI design!",Positive
"Item came broken inside damaged shipping box.",Negative
"Having lunch with team members at cafe.",Neutral
"Incredible quality for such an affordable price!",Positive
"Support ticket closed without resolving my issue.",Negative
"Reading tech news blog during morning commute.",Neutral
"Highly recommend this company! Excellent customer service.",Positive
"Order canceled unexpectedly without reason or notification.",Negative
"Taking short walk around neighborhood during lunch.",Neutral
"Loved the new user interface redesign update!",Positive
"App crashes constantly when saving new changes.",Negative
"Checking flight schedules for summer vacation plans.",Neutral
"Fantastic tool! Saves so much time daily.",Positive
"Refund process is extremely tedious and slow.",Negative
"Organizing project files in cloud drive folders.",Neutral
"Super intuitive software design, love using it!",Positive
"Support agent was unhelpful and closed chat.",Negative
"Writing weekly project summary report for team.",Neutral
"Very happy with new features added recently!",Positive
"Billing charge occurred twice on my card.",Negative
"Checking weather report for tomorrow morning walk.",Neutral
"Delighted with overall quality and fast delivery!",Positive
"Package lost during shipment process no update.",Negative
"Taking coffee break at workstation desk area.",Neutral
"Awesome quality and very fast shipping speed!",Positive
"Constant popup ads make application unusable today.",Negative
"Reviewing project code pull request on GitHub.",Neutral
"Incredible service! Staff went out of way.",Positive
"Account suspended without notice or explanation provided.",Negative
"Walking dog around block in neighborhood park.",Neutral
"Great product design, sleek and easy use!",Positive
"Product material feels low quality and cheap.",Negative
"Setting calendar reminders for upcoming project tasks.",Neutral
"Highly satisfied with customer support resolution time!",Positive
"Support tickets take weeks to receive answer.",Negative
"Taking notes during afternoon team strategy meeting.",Neutral
"Super fast shipping and product works great!",Positive
"App update completely broke basic search functionality.",Negative
"Drinking tea while working on laptop computer.",Neutral
"Loved the packaging and fast delivery speed!",Positive
"Customer care phone line was busy for hours.",Negative
"Having lunch at nearby cafe with colleagues.",Neutral
"Fantastic product! Exceeded my expectations by far.",Positive
"Product broke on very first day use.",Negative
"Checking train schedule for upcoming weekend trip.",Neutral
"Delighted with purchase, works exactly as described!",Positive
"Refund taking over month to be processed.",Negative
"Organizing desktop shortcuts and folder file layout.",Neutral
"Awesome customer service! Solved my problem fast.",Positive
"App UI updated but became very clunky.",Negative
"Writing summary notes after client phone call.",Neutral
"Super helpful support staff! Resolved everything instantly.",Positive
"Customer support ignored my message for days.",Negative
"Taking short walk around block during lunch.",Neutral
"Incredible quality! Very satisfied with my purchase.",Positive
"System error wiped my saved user preferences.",Negative
"Checking flight prices for upcoming holiday travel.",Neutral
"Very happy with product quality and speed!",Positive
"Item delivered was damaged inside box package.",Negative
"Setting up calendar events for next week.",Neutral
"Highly recommend! Everything went smoothly as expected.",Positive
"Customer service representative was extremely rude today.",Negative
"Taking notes during team weekly status update.",Neutral
"Loved the fast shipping and top quality item!",Positive
"Frequent server outages make service unusable today.",Negative
"Reviewing project roadmap for next few quarters.",Neutral
"Great service, polite staff and fast shipping!",Positive
"Support agent was unhelpful and closed ticket.",Negative
"Walking dog in neighborhood park on sunny day.",Neutral
"Super intuitive UI, easy to use daily!",Positive
"Order status stuck on processing for weeks.",Negative
"Checking weather report for weekend outdoor plans.",Neutral
"Delighted with overall quality and fast response!",Positive
"App crashes every time I open settings tab.",Negative
"Taking short stretch break away from desk.",Neutral
"Fantastic product design and sleek modern aesthetic!",Positive
"Product quality far below what was promised.",Negative
"Organizing digital photos into categorized subfolders today.",Neutral
"Awesome support team, solved my issue fast!",Positive
"Billing error charged my card twice today.",Negative
"Having morning coffee while reviewing daily tasks.",Neutral
"Incredible performance and beautiful user interface overall!",Positive
"App drains phone battery super fast overnight.",Negative
"Writing task list for tomorrow morning goals.",Neutral
"Highly satisfied with overall service experience today!",Positive
"Customer care line hung up while waiting.",Negative
"Taking coffee break at office desk workstation.",Neutral
"Super fast delivery and item works perfectly!",Positive
"App UI design is confusing and hard navigate.",Negative
"Checking train schedule for evening commute home.",Neutral
"Loved how easy setup process was overall!",Positive
"Payment deducted twice but order was canceled.",Negative
"Cleaning out workspace desk drawers and organize.",Neutral
"Very pleased with purchase, fast delivery time!",Positive
"Constant server lag makes application unusable today.",Negative
"Reviewing meeting agenda before joining video call.",Neutral
"Delighted with service! Fast, reliable, and friendly.",Positive
"Item delivered was completely wrong model product.",Negative
"Taking notes during morning standup team meeting.",Neutral
"Great purchase! High quality and fast delivery.",Positive
"Customer support ignored my email for days.",Negative
"Drinking tea while reading book chapter evening.",Neutral
"Awesome service, fast delivery and top quality!",Positive
"Account locked out for no clear reason.",Negative
"Setting up workspace desk layout setup.",Neutral
"Super smooth performance and beautiful UI design!",Positive
"Product broke down after just two days.",Negative
"Having lunch with team members at cafe.",Neutral
"Incredible quality for such an affordable price!",Positive
"Customer care refused to accept return request.",Negative
"Reading tech news blog during morning commute.",Neutral
"Highly recommend this company! Excellent customer service.",Positive
"Item came broken inside damaged shipping box.",Negative
"Taking short walk around neighborhood during lunch.",Neutral
"Loved the new user interface redesign update!",Positive
"Support ticket closed without resolving my issue.",Negative
"Checking flight schedules for summer vacation plans.",Neutral
"Fantastic tool! Saves so much time daily.",Positive
"Order canceled unexpectedly without reason or notification.",Negative
"Organizing project files in cloud drive folders.",Neutral
"Super intuitive software design, love using it!",Positive
"App crashes constantly when saving new changes.",Negative
"Writing weekly project summary report for team.",Neutral
"Very happy with new features added recently!",Positive
"Refund process is extremely tedious and slow.",Negative
"Checking weather report for tomorrow morning walk.",Neutral
"Delighted with overall quality and fast delivery!",Positive
"Support agent was unhelpful and closed chat.",Negative
"Taking coffee break at workstation desk area.",Neutral
"Awesome quality and very fast shipping speed!",Positive
"Billing charge occurred twice on my card.",Negative
"Reviewing project code pull request on GitHub.",Neutral
"Incredible service! Staff went out of way.",Positive
"Package lost during shipment process no update.",Negative
"Walking dog around block in neighborhood park.",Neutral
"Great product design, sleek and easy use!",Positive
"Constant popup ads make application unusable today.",Negative
"Setting calendar reminders for upcoming project tasks.",Neutral
"Highly satisfied with customer support resolution time!",Positive
"Account suspended without notice or explanation provided.",Negative
"Taking notes during afternoon team strategy meeting.",Neutral
"Super fast shipping and product works great!",Positive
"Product material feels low quality and cheap.",Negative
"Drinking tea while working on laptop computer.",Neutral
"Loved the packaging and fast delivery speed!",Positive
"Support tickets take weeks to receive answer.",Negative
"Having lunch at nearby cafe with colleagues.",Neutral
"Fantastic product! Exceeded my expectations by far.",Positive
"App update completely broke basic search functionality.",Negative
"Checking train schedule for upcoming weekend trip.",Neutral
"Delighted with purchase, works exactly as described!",Positive
"Customer care phone line was busy for hours.",Negative
"Organizing desktop shortcuts and folder file layout.",Neutral
"Awesome customer service! Solved my problem fast.",Positive
"Product broke on very first day use.",Negative
"Writing summary notes after client phone call.",Neutral
"Super helpful support staff! Resolved everything instantly.",Positive
"Refund taking over month to be processed.",Negative
"Taking short walk around block during lunch.",Neutral
"Incredible quality! Very satisfied with my purchase.",Positive
"App UI updated but became very clunky.",Negative
"Checking flight prices for upcoming holiday travel.",Neutral
"Very happy with product quality and speed!",Positive
"Customer support ignored my message for days.",Negative
"Setting up calendar events for next week.",Neutral
"Highly recommend! Everything went smoothly as expected.",Positive
"System error wiped my saved user preferences.",Negative
"Taking notes during team weekly status update.",Neutral
"Loved the fast shipping and top quality item!",Positive
"Item delivered was damaged inside box package.",Negative
"Reviewing project roadmap for next few quarters.",Neutral
"Great service, polite staff and fast shipping!",Positive
"Customer service representative was extremely rude today.",Negative
"Walking dog in neighborhood park on sunny day.",Neutral
"Super intuitive UI, easy to use daily!",Positive
"Frequent server outages make service unusable today.",Negative
"Checking weather report for weekend outdoor plans.",Neutral
"Delighted with overall quality and fast response!",Positive
"Support agent was unhelpful and closed ticket.",Negative
"Taking short stretch break away from desk.",Neutral
"Fantastic product design and sleek modern aesthetic!",Positive
"Order status stuck on processing for weeks.",Negative
"Organizing digital photos into categorized subfolders today.",Neutral
"Awesome support team, solved my issue fast!",Positive
"App crashes every time I open settings tab.",Negative
"Having morning coffee while reviewing daily tasks.",Neutral
"Incredible performance and beautiful user interface overall!",Positive
"Product quality far below what was promised.",Negative
"Writing task list for tomorrow morning goals.",Neutral
"Highly satisfied with overall service experience today!",Positive
"Billing error charged my card twice today.",Negative
"Taking coffee break at office desk workstation.",Neutral
"Super fast delivery and item works perfectly!",Positive
"App drains phone battery super fast overnight.",Negative
"Checking train schedule for evening commute home.",Neutral
"Loved how easy setup process was overall!",Positive
"Customer care line hung up while waiting.",Negative
"Cleaning out workspace desk drawers and organize.",Neutral
"Very pleased with purchase, fast delivery time!",Positive
"App UI design is confusing and hard navigate.",Negative
"Reviewing meeting agenda before joining video call.",Neutral
"Delighted with service! Fast, reliable, and friendly.",Positive
"Payment deducted twice but order was canceled.",Negative
"Taking notes during morning standup team meeting.",Neutral
"Great purchase! High quality and fast delivery.",Positive
"Constant server lag makes application unusable today.",Negative
"Drinking tea while reading book chapter evening.",Neutral
"Awesome service, fast delivery and top quality!",Positive
"Item delivered was completely wrong model product.",Negative
"Setting up workspace desk layout setup.",Neutral
"Super smooth performance and beautiful UI design!",Positive
"Customer support ignored my email for days.",Negative
"Having lunch with team members at cafe.",Neutral
"Incredible quality for such an affordable price!",Positive
"Account locked out for no clear reason.",Negative
"Reading tech news blog during morning commute.",Neutral
"Highly recommend this company! Excellent customer service.",Positive
"Product broke down after just two days.",Negative
"Taking short walk around neighborhood during lunch.",Neutral
"Loved the new user interface redesign update!",Positive
"Customer care refused to accept return request.",Negative
"Checking flight schedules for summer vacation plans.",Neutral
"Fantastic tool! Saves so much time daily.",Positive
"Item came broken inside damaged shipping box.",Negative
"Organizing project files in cloud drive folders.",Neutral
"Super intuitive software design, love using it!",Positive
"Support ticket closed without resolving my issue.",Negative
"Writing weekly project summary report for team.",Neutral
"Very happy with new features added recently!",Positive
"Order canceled unexpectedly without reason or notification.",Negative
"Checking weather report for tomorrow morning walk.",Neutral
"Delighted with overall quality and fast delivery!",Positive
"App crashes constantly when saving new changes.",Negative
"Taking coffee break at workstation desk area.",Neutral
"Awesome quality and very fast shipping speed!",Positive
"Refund process is extremely tedious and slow.",Negative
"Reviewing project code pull request on GitHub.",Neutral
"Incredible service! Staff went out of way.",Positive
"Support agent was unhelpful and closed chat.",Negative
"Walking dog around block in neighborhood park.",Neutral
"Great product design, sleek and easy use!",Positive
"Billing charge occurred twice on my card.",Negative
"Setting calendar reminders for upcoming project tasks.",Neutral
"Highly satisfied with customer support resolution time!",Positive
"Package lost during shipment process no update.",Negative
"Taking notes during afternoon team strategy meeting.",Neutral
"Super fast shipping and product works great!",Positive
"Constant popup ads make application unusable today.",Negative
"Drinking tea while working on laptop computer.",Neutral
"Loved the packaging and fast delivery speed!",Positive
"Account suspended without notice or explanation provided.",Negative
"Having lunch at nearby cafe with colleagues.",Neutral
"Fantastic product! Exceeded my expectations by far.",Positive
"Product material feels low quality and cheap.",Negative
"Checking train schedule for upcoming weekend trip.",Neutral
"Delighted with purchase, works exactly as described!",Positive
"Support tickets take weeks to receive answer.",Negative
"Organizing desktop shortcuts and folder file layout.",Neutral
"Awesome customer service! Solved my problem fast.",Positive
"App update completely broke basic search functionality.",Negative
"Writing summary notes after client phone call.",Neutral
"Super helpful support staff! Resolved everything instantly.",Positive
"Customer care phone line was busy for hours.",Negative
"Taking short walk around block during lunch.",Neutral
"Incredible quality! Very satisfied with my purchase.",Positive
"Product broke on very first day use.",Negative
"Checking flight prices for upcoming holiday travel.",Neutral
"Very happy with product quality and speed!",Positive
"Refund taking over month to be processed.",Negative
"Setting up calendar events for next week.",Neutral
"Highly recommend! Everything went smoothly as expected.",Positive
"App UI updated but became very clunky.",Negative
"Taking notes during team weekly status update.",Neutral
"Loved the fast shipping and top quality item!",Positive
"Customer support ignored my message for days.",Negative
"Reviewing project roadmap for next few quarters.",Neutral
"Great service, polite staff and fast shipping!",Positive
"System error wiped my saved user preferences.",Negative
"Walking dog in neighborhood park on sunny day.",Neutral
"Super intuitive UI, easy to use daily!",Positive
"Item delivered was damaged inside box package.",Negative
"Checking weather report for weekend outdoor plans.",Neutral
"Delighted with overall quality and fast response!",Positive
"Customer service representative was extremely rude today.",Negative
"Taking short stretch break away from desk.",Neutral
"Fantastic product design and sleek modern aesthetic!",Positive
"Frequent server outages make service unusable today.",Negative
"Organizing digital photos into categorized subfolders today.",Neutral
"Awesome support team, solved my issue fast!",Positive
"Support agent was unhelpful and closed ticket.",Negative
"Having morning coffee while reviewing daily tasks.",Neutral
"Incredible performance and beautiful user interface overall!",Positive
"Order status stuck on processing for weeks.",Negative
"Writing task list for tomorrow morning goals.",Neutral
"Highly satisfied with overall service experience today!",Positive
"App crashes every time I open settings tab.",Negative
"Taking coffee break at office desk workstation.",Neutral
"Super fast delivery and item works perfectly!",Positive
"Product quality far below what was promised.",Negative
"Checking train schedule for evening commute home.",Neutral
"Loved how easy setup process was overall!",Positive
"Billing error charged my card twice today.",Negative
"Cleaning out workspace desk drawers and organize.",Neutral
"Very pleased with purchase, fast delivery time!",Positive
"App drains phone battery super fast overnight.",Negative
"Reviewing meeting agenda before joining video call.",Neutral
"Delighted with service! Fast, reliable, and friendly.",Positive
"Customer care line hung up while waiting.",Negative
"Taking notes during morning standup team meeting.",Neutral
"Great purchase! High quality and fast delivery.",Positive
"App UI design is confusing and hard navigate.",Negative
"Drinking tea while reading book chapter evening.",Neutral
"Awesome service, fast delivery and top quality!",Positive
"Payment deducted twice but order was canceled.",Negative
"Setting up workspace desk layout setup.",Neutral
"Super smooth performance and beautiful UI design!",Positive
"Constant server lag makes application unusable today.",Negative
"Having lunch with team members at cafe.",Neutral
"Incredible quality for such an affordable price!",Positive
"Item delivered was completely wrong model product.",Negative
"Reading tech news blog during morning commute.",Neutral
"Highly recommend this company! Excellent customer service.",Positive
"Customer support ignored my email for days.",Negative
"Taking short walk around neighborhood during lunch.",Neutral
"Loved the new user interface redesign update!",Positive
"Account locked out for no clear reason.",Negative
"Checking flight schedules for summer vacation plans.",Neutral
"Fantastic tool! Saves so much time daily.",Positive
"Product broke down after just two days.",Negative
"Organizing project files in cloud drive folders.",Neutral
"Super intuitive software design, love using it!",Positive
"Customer care refused to accept return request.",Negative
"Writing weekly project summary report for team.",Neutral
"Very happy with new features added recently!",Positive
"Item came broken inside damaged shipping box.",Negative
"Checking weather report for tomorrow morning walk.",Neutral
"Delighted with overall quality and fast delivery!",Positive
"Support ticket closed without resolving my issue.",Negative
"Taking coffee break at workstation desk area.",Neutral
"Awesome quality and very fast shipping speed!",Positive
"Order canceled unexpectedly without reason or notification.",Negative
"Reviewing project code pull request on GitHub.",Neutral
"Incredible service! Staff went out of way.",Positive
"App crashes constantly when saving new changes.",Negative
"Walking dog around block in neighborhood park.",Neutral
"Great product design, sleek and easy use!",Positive
"Refund process is extremely tedious and slow.",Negative
"Setting calendar reminders for upcoming project tasks.",Neutral
"Highly satisfied with customer support resolution time!",Positive
"Support agent was unhelpful and closed chat.",Negative
"Taking notes during afternoon team strategy meeting.",Neutral
"Super fast shipping and product works great!",Positive
"Billing charge occurred twice on my card.",Negative
"Drinking tea while working on laptop computer.",Neutral
"Loved the packaging and fast delivery speed!",Positive
"Package lost during shipment process no update.",Negative
"Having lunch at nearby cafe with colleagues.",Neutral
"Fantastic product! Exceeded my expectations by far.",Positive
"Constant popup ads make application unusable today.",Negative
"Checking train schedule for upcoming weekend trip.",Neutral
"Delighted with purchase, works exactly as described!",Positive
"Account suspended without notice or explanation provided.",Negative
"Organizing desktop shortcuts and folder file layout.",Neutral
"Awesome customer service! Solved my problem fast.",Positive
"Product material feels low quality and cheap.",Negative
"Writing summary notes after client phone call.",Neutral
"Super helpful support staff! Resolved everything instantly.",Positive
"Support tickets take weeks to receive answer.",Negative
"Taking short walk around block during lunch.",Neutral
"Incredible quality! Very satisfied with my purchase.",Positive
"App update completely broke basic search functionality.",Negative
"Checking flight prices for upcoming holiday travel.",Neutral
"Very happy with product quality and speed!",Positive
"Customer care phone line was busy for hours.",Negative
"Setting up calendar events for next week.",Neutral
"Highly recommend! Everything went smoothly as expected.",Positive
"Product broke on very first day use.",Negative
"Taking notes during team weekly status update.",Neutral
"Loved the fast shipping and top quality item!",Positive
"Refund taking over month to be processed.",Negative
"Reviewing project roadmap for next few quarters.",Neutral
"Great service, polite staff and fast shipping!",Positive
"App UI updated but became very clunky.",Negative
"Walking dog in neighborhood park on sunny day.",Neutral
"Super intuitive UI, easy to use daily!",Positive
"Customer support ignored my message for days.",Negative
"Checking weather report for weekend outdoor plans.",Neutral
"Delighted with overall quality and fast response!",Positive
"System error wiped my saved user preferences.",Negative
"Taking short stretch break away from desk.",Neutral
"Fantastic product design and sleek modern aesthetic!",Positive
"Item delivered was damaged inside box package.",Negative
"Organizing digital photos into categorized subfolders today.",Neutral
"Awesome support team, solved my issue fast!",Positive
"Customer service representative was extremely rude today.",Negative
"Having morning coffee while reviewing daily tasks.",Neutral
"Incredible performance and beautiful user interface overall!",Positive
"Frequent server outages make service unusable today.",Negative
"Writing task list for tomorrow morning goals.",Neutral
"Highly satisfied with overall service experience today!",Positive
"Support agent was unhelpful and closed ticket.",Negative
"Taking coffee break at office desk workstation.",Neutral
"Super fast delivery and item works perfectly!",Positive
"Order status stuck on processing for weeks.",Negative
"Checking train schedule for evening commute home.",Neutral
"Loved how easy setup process was overall!",Positive
"App crashes every time I open settings tab.",Negative
"Cleaning out workspace desk drawers and organize.",Neutral
"Very pleased with purchase, fast delivery time!",Positive
"Product quality far below what was promised.",Negative
"Reviewing meeting agenda before joining video call.",Neutral
"Delighted with service! Fast, reliable, and friendly.",Positive
"Billing error charged my card twice today.",Negative
"Taking notes during morning standup team meeting.",Neutral
"Great purchase! High quality and fast delivery.",Positive
"App drains phone battery super fast overnight.",Negative
"Drinking tea while reading book chapter evening.",Neutral
"Awesome service, fast delivery and top quality!",Positive
"Customer care line hung up while waiting.",Negative
"Setting up workspace desk layout setup.",Neutral
"Super smooth performance and beautiful UI design!",Positive
"App UI design is confusing and hard navigate.",Negative
"Having lunch with team members at cafe.",Neutral
"Incredible quality for such an affordable price!",Positive
"Payment deducted twice but order was canceled.",Negative
"Reading tech news blog during morning commute.",Neutral
"Highly recommend this company! Excellent customer service.",Positive
"Constant server lag makes application unusable today.",Negative
"Taking short walk around neighborhood during lunch.",Neutral
"Loved the new user interface redesign update!",Positive
"Item delivered was completely wrong model product.",Negative
"Checking flight schedules for summer vacation plans.",Neutral
"Fantastic tool! Saves so much time daily.",Positive
"Customer support ignored my email for days.",Negative
"Organizing project files in cloud drive folders.",Neutral
"Super intuitive software design, love using it!",Positive
"Account locked out for no clear reason.",Negative
"Writing weekly project summary report for team.",Neutral
"Very happy with new features added recently!",Positive
"Product broke down after just two days.",Negative
"Checking weather report for tomorrow morning walk.",Neutral
"Delighted with overall quality and fast delivery!",Positive
"Customer care refused to accept return request.",Negative
"Taking coffee break at workstation desk area.",Neutral
"Awesome quality and very fast shipping speed!",Positive
"Item came broken inside damaged shipping box.",Negative
"Reviewing project code pull request on GitHub.",Neutral
"Incredible service! Staff went out of way.",Positive
"Support ticket closed without resolving my issue.",Negative
"Walking dog around block in neighborhood park.",Neutral
"Great product design, sleek and easy use!",Positive
"Order canceled unexpectedly without reason or notification.",Negative
"Setting calendar reminders for upcoming project tasks.",Neutral
"Highly satisfied with customer support resolution time!",Positive
"App crashes constantly when saving new changes.",Negative
"Taking notes during afternoon team strategy meeting.",Neutral
"Super fast shipping and product works great!",Positive
"Refund process is extremely tedious and slow.",Negative
"Drinking tea while working on laptop computer.",Neutral
"Loved the packaging and fast delivery speed!",Positive
"Support agent was unhelpful and closed chat.",Negative
"Having lunch at nearby cafe with colleagues.",Neutral
"Fantastic product! Exceeded my expectations by far.",Positive
"Billing charge occurred twice on my card.",Negative
"Checking train schedule for upcoming weekend trip.",Neutral
"Delighted with purchase, works exactly as described!",Positive
"Package lost during shipment process no update.",Negative
"Organizing desktop shortcuts and folder file layout.",Neutral
"Awesome customer service! Solved my problem fast.",Positive
"Constant popup ads make application unusable today.",Negative
"Writing summary notes after client phone call.",Neutral
"Super helpful support staff! Resolved everything instantly.",Positive
"Account suspended without notice or explanation provided.",Negative
"Taking short walk around block during lunch.",Neutral
"Incredible quality! Very satisfied with my purchase.",Positive
"Product material feels low quality and cheap.",Negative
"Checking flight prices for upcoming holiday travel.",Neutral
"Very happy with product quality and speed!",Positive
"Support tickets take weeks to receive answer.",Negative
"Setting up calendar events for next week.",Neutral
"Highly recommend! Everything went smoothly as expected.",Positive
"App update completely broke basic search functionality.",Negative
"Taking notes during team weekly status update.",Neutral
"Loved the fast shipping and top quality item!",Positive
"Customer care phone line was busy for hours.",Negative
"Reviewing project roadmap for next few quarters.",Neutral
"Great service, polite staff and fast shipping!",Positive
"Product broke on very first day use.",Negative
"Walking dog in neighborhood park on sunny day.",Neutral
"Super intuitive UI, easy to use daily!",Positive
"Refund taking over month to be processed.",Negative
"Checking weather report for weekend outdoor plans.",Neutral
"Delighted with overall quality and fast response!",Positive
"App UI updated but became very clunky.",Negative
"Taking short stretch break away from desk.",Neutral
"Fantastic product design and sleek modern aesthetic!",Positive
"Customer support ignored my message for days.",Negative
"Organizing digital photos into categorized subfolders today.",Neutral
"Awesome support team, solved my issue fast!",Positive
"System error wiped my saved user preferences.",Negative
"Having morning coffee while reviewing daily tasks.",Neutral
"Incredible performance and beautiful user interface overall!",Positive
"Item delivered was damaged inside box package.",Negative
"Writing task list for tomorrow morning goals.",Neutral
"Highly satisfied with overall service experience today!",Positive
"Customer service representative was extremely rude today.",Negative
"Taking coffee break at office desk workstation.",Neutral
"Super fast delivery and item works perfectly!",Positive
"Frequent server outages make service unusable today.",Negative
"Checking train schedule for evening commute home.",Neutral
"Loved how easy setup process was overall!",Positive
"Support agent was unhelpful and closed ticket.",Negative
"Cleaning out workspace desk drawers and organize.",Neutral
"Very pleased with purchase, fast delivery time!",Positive
"Order status stuck on processing for weeks.",Negative
"Reviewing meeting agenda before joining video call.",Neutral
"Delighted with service! Fast, reliable, and friendly.",Positive
"App crashes every time I open settings tab.",Negative
"Taking notes during morning standup team meeting.",Neutral
"Great purchase! High quality and fast delivery.",Positive
"Product quality far below what was promised.",Negative
"Drinking tea while reading book chapter evening.",Neutral
"Awesome service, fast delivery and top quality!",Positive
"Billing error charged my card twice today.",Negative
"Setting up workspace desk layout setup.",Neutral
"Super smooth performance and beautiful UI design!",Positive
"App drains phone battery super fast overnight.",Negative
"Having lunch with team members at cafe.",Neutral
"Incredible quality for such an affordable price!",Positive
"Customer care line hung up while waiting.",Negative
"Reading tech news blog during morning commute.",Neutral
"Highly recommend this company! Excellent customer service.",Positive
"App UI design is confusing and hard navigate.",Negative
"Taking short walk around neighborhood during lunch.",Neutral
"Loved the new user interface redesign update!",Positive
"Payment deducted twice but order was canceled.",Negative
"Checking flight schedules for summer vacation plans.",Neutral
"Fantastic tool! Saves so much time daily.",Positive
"Constant server lag makes application unusable today.",Negative
"Organizing project files in cloud drive folders.",Neutral
"Super intuitive software design, love using it!",Positive
"Item delivered was completely wrong model product.",Negative
"Writing weekly project summary report for team.",Neutral
"Very happy with new features added recently!",Positive
"Customer support ignored my email for days.",Negative
"Checking weather report for tomorrow morning walk.",Neutral
"Delighted with overall quality and fast delivery!",Positive
"Account locked out for no clear reason.",Negative
"Taking coffee break at workstation desk area.",Neutral
"Awesome quality and very fast shipping speed!",Positive
"Product broke down after just two days.",Negative
"Reviewing project code pull request on GitHub.",Neutral
"Incredible service! Staff went out of way.",Positive
"Customer care refused to accept return request.",Negative
"Walking dog around block in neighborhood park.",Neutral
"Great product design, sleek and easy use!",Positive
"Item came broken inside damaged shipping box.",Negative
"Setting calendar reminders for upcoming project tasks.",Neutral
"Highly satisfied with customer support resolution time!",Positive
"Support ticket closed without resolving my issue.",Negative
"Taking notes during afternoon team strategy meeting.",Neutral
"Super fast shipping and product works great!",Positive
"Order canceled unexpectedly without reason or notification.",Negative
"Drinking tea while working on laptop computer.",Neutral
"Loved the packaging and fast delivery speed!",Positive
"App crashes constantly when saving new changes.",Negative
"Having lunch at nearby cafe with colleagues.",Neutral
"Fantastic product! Exceeded my expectations by far.",Positive
"Refund process is extremely tedious and slow.",Negative
"Checking train schedule for upcoming weekend trip.",Neutral
"Delighted with purchase, works exactly as described!",Positive
"Support agent was unhelpful and closed chat.",Negative
"Organizing desktop shortcuts and folder file layout.",Neutral
"Awesome customer service! Solved my problem fast.",Positive
"Billing charge occurred twice on my card.",Negative
"Writing summary notes after client phone call.",Neutral
"Super helpful support staff! Resolved everything instantly.",Positive
"Package lost during shipment process no update.",Negative
"Taking short walk around block during lunch.",Neutral
"Incredible quality! Very satisfied with my purchase.",Positive
"Constant popup ads make application unusable today.",Negative
"Checking flight prices for upcoming holiday travel.",Neutral
"Very happy with product quality and speed!",Positive
"Account suspended without notice or explanation provided.",Negative
"Setting up calendar events for next week.",Neutral
"Highly recommend! Everything went smoothly as expected.",Positive
"Product material feels low quality and cheap.",Negative
"Taking notes during team weekly status update.",Neutral
"Loved the fast shipping and top quality item!",Positive
"Support tickets take weeks to receive answer.",Negative
"Reviewing project roadmap for next few quarters.",Neutral
"Great service, polite staff and fast shipping!",Positive
"App update completely broke basic search functionality.",Negative
"Walking dog in neighborhood park on sunny day.",Neutral
"Super intuitive UI, easy to use daily!",Positive
"Customer care phone line was busy for hours.",Negative
"Checking weather report for weekend outdoor plans.",Neutral
"Delighted with overall quality and fast response!",Positive
"Product broke on very first day use.",Negative
"Taking short stretch break away from desk.",Neutral
"Fantastic product design and sleek modern aesthetic!",Positive
"Refund taking over month to be processed.",Negative
"Organizing digital photos into categorized subfolders today.",Neutral
"Awesome support team, solved my issue fast!",Positive
"App UI updated but became very clunky.",Negative
"Having morning coffee while reviewing daily tasks.",Neutral
"Incredible performance and beautiful user interface overall!",Positive
"Customer support ignored my message for days.",Negative
"Writing task list for tomorrow morning goals.",Neutral
"Highly satisfied with overall service experience today!",Positive
"System error wiped my saved user preferences.",Negative
"Taking coffee break at office desk workstation.",Neutral
"Super fast delivery and item works perfectly!",Positive
"Item delivered was damaged inside box package.",Negative
"Checking train schedule for evening commute home.",Neutral
"Loved how easy setup process was overall!",Positive
"Customer service representative was extremely rude today.",Negative
"Cleaning out workspace desk drawers and organize.",Neutral
"Very pleased with purchase, fast delivery time!",Positive
"Frequent server outages make service unusable today.",Negative
"Reviewing meeting agenda before joining video call.",Neutral
"Delighted with service! Fast, reliable, and friendly.",Positive
"Support agent was unhelpful and closed ticket.",Negative
"Taking notes during morning standup team meeting.",Neutral
"Great purchase! High quality and fast delivery.",Positive
"Order status stuck on processing for weeks.",Negative
"Drinking tea while reading book chapter evening.",Neutral
"Awesome service, fast delivery and top quality!",Positive
"App crashes every time I open settings tab.",Negative
"Setting up workspace desk layout setup.",Neutral
"Super smooth performance and beautiful UI design!",Positive
"Product quality far below what was promised.",Negative
"Having lunch with team members at cafe.",Neutral
"Incredible quality for such an affordable price!",Positive
"Billing error charged my card twice today.",Negative
"Reading tech news blog during morning commute.",Neutral
"Highly recommend this company! Excellent customer service.",Positive
"App drains phone battery super fast overnight.",Negative
"Taking short walk around neighborhood during lunch.",Neutral
"Loved the new user interface redesign update!",Positive
"Customer care line hung up while waiting.",Negative
"Checking flight schedules for summer vacation plans.",Neutral
"Fantastic tool! Saves so much time daily.",Positive
"App UI design is confusing and hard navigate.",Negative
"Organizing project files in cloud drive folders.",Neutral
"Super intuitive software design, love using it!",Positive
"Payment deducted twice but order was canceled.",Negative
"Writing weekly project summary report for team.",Neutral
"Very happy with new features added recently!",Positive
"Constant server lag makes application unusable today.",Negative
"Checking weather report for tomorrow morning walk.",Neutral
"Delighted with overall quality and fast delivery!",Positive
"Item delivered was completely wrong model product.",Negative
"Taking coffee break at workstation desk area.",Neutral
"Awesome quality and very fast shipping speed!",Positive
"Customer support ignored my email for days.",Negative
"Reviewing project code pull request on GitHub.",Neutral
"Incredible service! Staff went out of way.",Positive
"Account locked out for no clear reason.",Negative
"Walking dog around block in neighborhood park.",Neutral
"Great product design, sleek and easy use!",Positive
"Product broke down after just two days.",Negative
"Setting calendar reminders for upcoming project tasks.",Neutral
"Highly satisfied with customer support resolution time!",Positive
"Customer care refused to accept return request.",Negative
"Taking notes during afternoon team strategy meeting.",Neutral
"Super fast shipping and product works great!",Positive
"Item came broken inside damaged shipping box.",Negative
"Drinking tea while working on laptop computer.",Neutral
"Loved the packaging and fast delivery speed!",Positive
"Support ticket closed without resolving my issue.",Negative
"Having lunch at nearby cafe with colleagues.",Neutral
"Fantastic product! Exceeded my expectations by far.",Positive
"Order canceled unexpectedly without reason or notification.",Negative
"Checking train schedule for upcoming weekend trip.",Neutral
"Delighted with purchase, works exactly as described!",Positive
"App crashes constantly when saving new changes.",Negative
"Organizing desktop shortcuts and folder file layout.",Neutral
"Awesome customer service! Solved my problem fast.",Positive
"Refund process is extremely tedious and slow.",Negative
"Writing summary notes after client phone call.",Neutral
"Super helpful support staff! Resolved everything instantly.",Positive
"Support agent was unhelpful and closed chat.",Negative
"Taking short walk around block during lunch.",Neutral
"Incredible quality! Very satisfied with my purchase.",Positive
"Billing charge occurred twice on my card.",Negative
"Checking flight prices for upcoming holiday travel.",Neutral
"Very happy with product quality and speed!",Positive
"Package lost during shipment process no update.",Negative
"Setting up calendar events for next week.",Neutral
"Highly recommend! Everything went smoothly as expected.",Positive
"Constant popup ads make application unusable today.",Negative
"Taking notes during team weekly status update.",Neutral
"Loved the fast shipping and top quality item!",Positive
"Account suspended without notice or explanation provided.",Negative
"Reviewing project roadmap for next few quarters.",Neutral
"Great service, polite staff and fast shipping!",Positive
"Product material feels low quality and cheap.",Negative
"Walking dog in neighborhood park on sunny day.",Neutral
"Super intuitive UI, easy to use daily!",Positive
"Support tickets take weeks to receive answer.",Negative
"Checking weather report for weekend outdoor plans.",Neutral
"Delighted with overall quality and fast response!",Positive
"App update completely broke basic search functionality.",Negative
"Taking short stretch break away from desk.",Neutral
"Fantastic product design and sleek modern aesthetic!",Positive
"Customer care phone line was busy for hours.",Negative
"Organizing digital photos into categorized subfolders today.",Neutral
"Awesome support team, solved my issue fast!",Positive
"Product broke on very first day use.",Negative
"Having morning coffee while reviewing daily tasks.",Neutral
"Incredible performance and beautiful user interface overall!",Positive
"Refund taking over month to be processed.",Negative
"Writing task list for tomorrow morning goals.",Neutral
"Highly satisfied with overall service experience today!",Positive
"App UI updated but became very clunky.",Negative
"Taking coffee break at office desk workstation.",Neutral
"Super fast delivery and item works perfectly!",Positive
"Customer support ignored my message for days.",Negative
"Checking train schedule for evening commute home.",Neutral
"Loved how easy setup process was overall!",Positive
"System error wiped my saved user preferences.",Negative
"Cleaning out workspace desk drawers and organize.",Neutral
"Very pleased with purchase, fast delivery time!",Positive
"Item delivered was damaged inside box package.",Negative
"Reviewing meeting agenda before joining video call.",Neutral
"Delighted with service! Fast, reliable, and friendly.",Positive
"Customer service representative was extremely rude today.",Negative
"Taking notes during morning standup team meeting.",Neutral
"Great purchase! High quality and fast delivery.",Positive
"Frequent server outages make service unusable today.",Negative
"Drinking tea while reading book chapter evening.",Neutral
"Awesome service, fast delivery and top quality!",Positive
"Support agent was unhelpful and closed ticket.",Negative
"Setting up workspace desk layout setup.",Neutral
"Super smooth performance and beautiful UI design!",Positive
"Order status stuck on processing for weeks.",Negative
"Having lunch with team members at cafe.",Neutral
"Incredible quality for such an affordable price!",Positive
"App crashes every time I open settings tab.",Negative
"Reading tech news blog during morning commute.",Neutral
"Highly recommend this company! Excellent customer service.",Positive
"Product quality far below what was promised.",Negative
"Taking short walk around neighborhood during lunch.",Neutral
"Loved the new user interface redesign update!",Positive
"Billing error charged my card twice today.",Negative
"Checking flight schedules for summer vacation plans.",Neutral
"Fantastic tool! Saves so much time daily.",Positive
"App drains phone battery super fast overnight.",Negative
"Organizing project files in cloud drive folders.",Neutral
"Super intuitive software design, love using it!",Positive
"Customer care line hung up while waiting.",Negative
"Writing weekly project summary report for team.",Neutral
"Very happy with new features added recently!",Positive
"App UI design is confusing and hard navigate.",Negative
"Checking weather report for tomorrow morning walk.",Neutral
"Delighted with overall quality and fast delivery!",Positive
"Payment deducted twice but order was canceled.",Negative
"Taking coffee break at workstation desk area.",Neutral
"Awesome quality and very fast shipping speed!",Positive
"Constant server lag makes application unusable today.",Negative
"Reviewing project code pull request on GitHub.",Neutral
"Incredible service! Staff went out of way.",Positive
"Item delivered was completely wrong model product.",Negative
"Walking dog around block in neighborhood park.",Neutral
"Great product design, sleek and easy use!",Positive
"Customer support ignored my email for days.",Negative
"Setting calendar reminders for upcoming project tasks.",Neutral
"Highly satisfied with customer support resolution time!",Positive
"Account locked out for no clear reason.",Negative
"Taking notes during afternoon team strategy meeting.",Neutral
"Super fast shipping and product works great!",Positive
"Product broke down after just two days.",Negative
"Drinking tea while working on laptop computer.",Neutral
"Loved the packaging and fast delivery speed!",Positive
"Customer care refused to accept return request.",Negative
"Having lunch at nearby cafe with colleagues.",Neutral
"Fantastic product! Exceeded my expectations by far.",Positive
"Item came broken inside damaged shipping box.",Negative
"Checking train schedule for upcoming weekend trip.",Neutral
"Delighted with purchase, works exactly as described!",Positive
"Support ticket closed without resolving my issue.",Negative
"Organizing desktop shortcuts and folder file layout.",Neutral
"Awesome customer service! Solved my problem fast.",Positive
"Order canceled unexpectedly without reason or notification.",Negative
"Writing summary notes after client phone call.",Neutral
"Super helpful support staff! Resolved everything instantly.",Positive
"App crashes constantly when saving new changes.",Negative
"Taking short walk around block during lunch.",Neutral
"Incredible quality! Very satisfied with my purchase.",Positive
"Refund process is extremely tedious and slow.",Negative
"Checking flight prices for upcoming holiday travel.",Neutral
"Very happy with product quality and speed!",Positive
"Support agent was unhelpful and closed chat.",Negative
"Setting up calendar events for next week.",Neutral
"Highly recommend! Everything went smoothly as expected.",Positive
"Billing charge occurred twice on my card.",Negative
"Taking notes during team weekly status update.",Neutral
"Loved the fast shipping and top quality item!",Positive
"Package lost during shipment process no update.",Negative
"Reviewing project roadmap for next few quarters.",Neutral
"Great service, polite staff and fast shipping!",Positive
"Constant popup ads make application unusable today.",Negative
"Walking dog in neighborhood park on sunny day.",Neutral
"Super intuitive UI, easy to use daily!",Positive
"Account suspended without notice or explanation provided.",Negative
"Checking weather report for weekend outdoor plans.",Neutral
"Delighted with overall quality and fast response!",Positive
"Product material feels low quality and cheap.",Negative
"Taking short stretch break away from desk.",Neutral
"Fantastic product design and sleek modern aesthetic!",Positive
"Support tickets take weeks to receive answer.",Negative
"Organizing digital photos into categorized subfolders today.",Neutral
"Awesome support team, solved my issue fast!",Positive
"App update completely broke basic search functionality.",Negative
"Having morning coffee while reviewing daily tasks.",Neutral
"Incredible performance and beautiful user interface overall!",Positive
"Customer care phone line was busy for hours.",Negative
"Writing task list for tomorrow morning goals.",Neutral
"Highly satisfied with overall service experience today!",Positive
"Product broke on very first day use.",Negative
"Taking coffee break at office desk workstation.",Neutral
"Super fast delivery and item works perfectly!",Positive
"Refund taking over month to be processed.",Negative
"Checking train schedule for evening commute home.",Neutral
"Loved how easy setup process was overall!",Positive
"App UI updated but became very clunky.",Negative
"Cleaning out workspace desk drawers and organize.",Neutral
"Very pleased with purchase, fast delivery time!",Positive
"Customer support ignored my message for days.",Negative
"Reviewing meeting agenda before joining video call.",Neutral
"Delighted with service! Fast, reliable, and friendly.",Positive
"System error wiped my saved user preferences.",Negative
"Taking notes during morning standup team meeting.",Neutral
"Great purchase! High quality and fast delivery.",Positive
"Item delivered was damaged inside box package.",Negative
"Drinking tea while reading book chapter evening.",Neutral
"Awesome service, fast delivery and top quality!",Positive
"Customer service representative was extremely rude today.",Negative
"Setting up workspace desk layout setup.",Neutral
"Super smooth performance and beautiful UI design!",Positive
"Frequent server outages make service unusable today.",Negative
"Having lunch with team members at cafe.",Neutral
"Incredible quality for such an affordable price!",Positive
"Support agent was unhelpful and closed ticket.",Negative
"Reading tech news blog during morning commute.",Neutral
"Highly recommend this company! Excellent customer service.",Positive
"Order status stuck on processing for weeks.",Negative
"Taking short walk around neighborhood during lunch.",Neutral
"Loved the new user interface redesign update!",Positive
"App crashes every time I open settings tab.",Negative
"Checking flight schedules for summer vacation plans.",Neutral
"Fantastic tool! Saves so much time daily.",Positive
"Product quality far below what was promised.",Negative
"Organizing project files in cloud drive folders.",Neutral
"Super intuitive software design, love using it!",Positive
"Billing error charged my card twice today.",Negative
"Writing weekly project summary report for team.",Neutral
"Very happy with new features added recently!",Positive
"App drains phone battery super fast overnight.",Negative
"Checking weather report for tomorrow morning walk.",Neutral
"Delighted with overall quality and fast delivery!",Positive
"Customer care line hung up while waiting.",Negative
"Taking coffee break at workstation desk area.",Neutral
"Awesome quality and very fast shipping speed!",Positive
"App UI design is confusing and hard navigate.",Negative
"Reviewing project code pull request on GitHub.",Neutral
"Incredible service! Staff went out of way.",Positive
"Payment deducted twice but order was canceled.",Negative
"Walking dog around block in neighborhood park.",Neutral
"Great product design, sleek and easy use!",Positive
"Constant server lag makes application unusable today.",Negative
"Setting calendar reminders for upcoming project tasks.",Neutral
"Highly satisfied with customer support resolution time!",Positive
"Item delivered was completely wrong model product.",Negative
"Taking notes during afternoon team strategy meeting.",Neutral
"Super fast shipping and product works great!",Positive
"Customer support ignored my email for days.",Negative
"Drinking tea while working on laptop computer.",Neutral
"Loved the packaging and fast delivery speed!",Positive
"Account locked out for no clear reason.",Negative
"Having lunch at nearby cafe with colleagues.",Neutral
"Fantastic product! Exceeded my expectations by far.",Positive
"Product broke down after just two days.",Negative
"Checking train schedule for upcoming weekend trip.",Neutral
"Delighted with purchase, works exactly as described!",Positive
"Customer care refused to accept return request.",Negative
"Organizing desktop shortcuts and folder file layout.",Neutral
"Awesome customer service! Solved my problem fast.",Positive
"Item came broken inside damaged shipping box.",Negative
"Writing summary notes after client phone call.",Neutral
"Super helpful support staff! Resolved everything instantly.",Positive
"Support ticket closed without resolving my issue.",Negative
"Taking short walk around block during lunch.",Neutral
"Incredible quality! Very satisfied with my purchase.",Positive
"Order canceled unexpectedly without reason or notification.",Negative
"Checking flight prices for upcoming holiday travel.",Neutral
"Very happy with product quality and speed!",Positive
"App crashes constantly when saving new changes.",Negative
"Setting up calendar events for next week.",Neutral
"Highly recommend! Everything went smoothly as expected.",Positive
"Refund process is extremely tedious and slow.",Negative
"Taking notes during team weekly status update.",Neutral
"Loved the fast shipping and top quality item!",Positive
"Support agent was unhelpful and closed chat.",Negative
"Reviewing project roadmap for next few quarters.",Neutral
"Great service, polite staff and fast shipping!",Positive
"Billing charge occurred twice on my card.",Negative
"Walking dog in neighborhood park on sunny day.",Neutral
"Super intuitive UI, easy to use daily!",Positive
"Package lost during shipment process no update.",Negative
"Checking weather report for weekend outdoor plans.",Neutral
"Delighted with overall quality and fast response!",Positive
"Constant popup ads make application unusable today.",Negative
"Taking short stretch break away from desk.",Neutral
"Fantastic product design and sleek modern aesthetic!",Positive
"Account suspended without notice or explanation provided.",Negative
"Organizing digital photos into categorized subfolders today.",Neutral
"Awesome support team, solved my issue fast!",Positive
"Product material feels low quality and cheap.",Negative
"Having morning coffee while reviewing daily tasks.",Neutral
"Incredible performance and beautiful user interface overall!",Positive
"Support tickets take weeks to receive answer.",Negative
"Writing task list for tomorrow morning goals.",Neutral
"Highly satisfied with overall service experience today!",Positive
"App update completely broke basic search functionality.",Negative
"Taking coffee break at office desk workstation.",Neutral
"Super fast delivery and item works perfectly!",Positive
"Customer care phone line was busy for hours.",Negative
"Checking train schedule for evening commute home.",Neutral
"Loved how easy setup process was overall!",Positive
"Product broke on very first day use.",Negative
"Cleaning out workspace desk drawers and organize.",Neutral
"Very pleased with purchase, fast delivery time!",Positive
"Refund taking over month to be processed.",Negative
"Reviewing meeting agenda before joining video call.",Neutral
"Delighted with service! Fast, reliable, and friendly.",Positive
"App UI updated but became very clunky.",Negative
"Taking notes during morning standup team meeting.",Neutral
"Great purchase! High quality and fast delivery.",Positive
"Customer support ignored my message for days.",Negative
"Drinking tea while reading book chapter evening.",Neutral
"Awesome service, fast delivery and top quality!",Positive
"System error wiped my saved user preferences.",Negative
"Setting up workspace desk layout setup.",Neutral
"Super smooth performance and beautiful UI design!",Positive
"Item delivered was damaged inside box package.",Negative
"Having lunch with team members at cafe.",Neutral
"Incredible quality for such an affordable price!",Positive
"Customer service representative was extremely rude today.",Negative
"Reading tech news blog during morning commute.",Neutral
"Highly recommend this company! Excellent customer service.",Positive
"Frequent server outages make service unusable today.",Negative
"Taking short walk around neighborhood during lunch.",Neutral
"Loved the new user interface redesign update!",Positive
"Support agent was unhelpful and closed ticket.",Negative
"Checking flight schedules for summer vacation plans.",Neutral
"Fantastic tool! Saves so much time daily.",Positive
"Order status stuck on processing for weeks.",Negative
"Organizing project files in cloud drive folders.",Neutral
"Super intuitive software design, love using it!",Positive
"App crashes every time I open settings tab.",Negative
"Writing weekly project summary report for team.",Neutral
"Very happy with new features added recently!",Positive
"Product quality far below what was promised.",Negative
"Checking weather report for tomorrow morning walk.",Neutral
"Delighted with overall quality and fast delivery!",Positive
"Billing error charged my card twice today.",Negative
"Taking coffee break at workstation desk area.",Neutral
"Awesome quality and very fast shipping speed!",Positive
"App drains phone battery super fast overnight.",Negative
"Reviewing project code pull request on GitHub.",Neutral
"Incredible service! Staff went out of way.",Positive
"Customer care line hung up while waiting.",Negative
"Walking dog around block in neighborhood park.",Neutral
"Great product design, sleek and easy use!",Positive
"App UI design is confusing and hard navigate.",Negative
"Setting calendar reminders for upcoming project tasks.",Neutral
"Highly satisfied with customer support resolution time!",Positive
"Payment deducted twice but order was canceled.",Negative
"Taking notes during afternoon team strategy meeting.",Neutral
"Super fast shipping and product works great!",Positive
"Constant server lag makes application unusable today.",Negative
"Drinking tea while working on laptop computer.",Neutral
"Loved the packaging and fast delivery speed!",Positive
"Item delivered was completely wrong model product.",Negative
"Having lunch at nearby cafe with colleagues.",Neutral
"Fantastic product! Exceeded my expectations by far.",Positive
"Customer support ignored my email for days.",Negative
"Checking train schedule for upcoming weekend trip.",Neutral
"Delighted with purchase, works exactly as described!",Positive
"Account locked out for no clear reason.",Negative
"Organizing desktop shortcuts and folder file layout.",Neutral
"Awesome customer service! Solved my problem fast.",Positive
"Product broke down after just two days.",Negative
"Writing summary notes after client phone call.",Neutral
"Super helpful support staff! Resolved everything instantly.",Positive
"Customer care refused to accept return request.",Negative
"Taking short walk around block during lunch.",Neutral
"Incredible quality! Very satisfied with my purchase.",Positive
"Item came broken inside damaged shipping box.",Negative
"Checking flight prices for upcoming holiday travel.",Neutral
"Very happy with product quality and speed!",Positive
"Support ticket closed without resolving my issue.",Negative
"Setting up calendar events for next week.",Neutral
"Highly recommend! Everything went smoothly as expected.",Positive
"Order canceled unexpectedly without reason or notification.",Negative
"Taking notes during team weekly status update.",Neutral
"Loved the fast shipping and top quality item!",Positive
"App crashes constantly when saving new changes.",Negative
"Reviewing project roadmap for next few quarters.",Neutral
"Great service, polite staff and fast shipping!",Positive
"Refund process is extremely tedious and slow.",Negative
"Walking dog in neighborhood park on sunny day.",Neutral
"Super intuitive UI, easy to use daily!",Positive
"Support agent was unhelpful and closed chat.",Negative
"Checking weather report for weekend outdoor plans.",Neutral
"Delighted with overall quality and fast response!",Positive
"Billing charge occurred twice on my card.",Negative
"Taking short stretch break away from desk.",Neutral
"Fantastic product design and sleek modern aesthetic!",Positive
"Package lost during shipment process no update.",Negative
"Organizing digital photos into categorized subfolders today.",Neutral
"Awesome support team, solved my issue fast!",Positive
"Constant popup ads make application unusable today.",Negative
"Having morning coffee while reviewing daily tasks.",Neutral
"Incredible performance and beautiful user interface overall!",Positive
"Account suspended without notice or explanation provided.",Negative
"Writing task list for tomorrow morning goals.",Neutral
"Highly satisfied with overall service experience today!",Positive
"Product material feels low quality and cheap.",Negative
"Taking coffee break at office desk workstation.",Neutral
"Super fast delivery and item works perfectly!",Positive
"Support tickets take weeks to receive answer.",Negative
"Checking train schedule for evening commute home.",Neutral
"Loved how easy setup process was overall!",Positive
"App update completely broke basic search functionality.",Negative
"Cleaning out workspace desk drawers and organize.",Neutral
"Very pleased with purchase, fast delivery time!",Positive
"Customer care phone line was busy for hours.",Negative
"Reviewing meeting agenda before joining video call.",Neutral
"Delighted with service! Fast, reliable, and friendly.",Positive
"Product broke on very first day use.",Negative
"Taking notes during morning standup team meeting.",Neutral
"Great purchase! High quality and fast delivery.",Positive
"Refund taking over month to be processed.",Negative
"Drinking tea while reading book chapter evening.",Neutral
"Awesome service, fast delivery and top quality!",Positive
"App UI updated but became very clunky.",Negative
"Setting up workspace desk layout setup.",Neutral
"Super smooth performance and beautiful UI design!",Positive
"Customer support ignored my message for days.",Negative
"Having lunch with team members at cafe.",Neutral
"Incredible quality for such an affordable price!",Positive
"System error wiped my saved user preferences.",Negative
"Reading tech news blog during morning commute.",Neutral
"Highly recommend this company! Excellent customer service.",Positive
"Item delivered was damaged inside box package.",Negative
"Taking short walk around neighborhood during lunch.",Neutral
"Loved the new user interface redesign update!",Positive
"Customer service representative was extremely rude today.",Negative
"Checking flight schedules for summer vacation plans.",Neutral
"Fantastic tool! Saves so much time daily.",Positive
"Frequent server outages make service unusable today.",Negative
"Organizing project files in cloud drive folders.",Neutral
"Super intuitive software design, love using it!",Positive
"Support agent was unhelpful and closed ticket.",Negative
"Writing weekly project summary report for team.",Neutral
"Very happy with new features added recently!",Positive
"Order status stuck on processing for weeks.",Negative
"Checking weather report for tomorrow morning walk.",Neutral
"Delighted with overall quality and fast delivery!",Positive
"App crashes every time I open settings tab.",Negative
"Taking coffee break at workstation desk area.",Neutral
"Awesome quality and very fast shipping speed!",Positive
"Product quality far below what was promised.",Negative
"Reviewing project code pull request on GitHub.",Neutral
"Incredible service! Staff went out of way.",Positive
"Billing error charged my card twice today.",Negative
"Walking dog around block in neighborhood park.",Neutral
"Great product design, sleek and easy use!",Positive
"App drains phone battery super fast overnight.",Negative
"Setting calendar reminders for upcoming project tasks.",Neutral
"Highly satisfied with customer support resolution time!",Positive
"Customer care line hung up while waiting.",Negative
"Taking notes during afternoon team strategy meeting.",Neutral
"Super fast shipping and product works great!",Positive
"App UI design is confusing and hard navigate.",Negative
"Drinking tea while working on laptop computer.",Neutral
"Loved the packaging and fast delivery speed!",Positive
"Payment deducted twice but order was canceled.",Negative
"Having lunch at nearby cafe with colleagues.",Neutral
"Fantastic product! Exceeded my expectations by far.",Positive
"Constant server lag makes application unusable today.",Negative
"Checking train schedule for upcoming weekend trip.",Neutral
"Delighted with purchase, works exactly as described!",Positive
"Item delivered was completely wrong model product.",Negative
"Organizing desktop shortcuts and folder file layout.",Neutral
"Awesome customer service! Solved my problem fast.",Positive
"Customer support ignored my email for days.",Negative
"Writing summary notes after client phone call.",Neutral
"Super helpful support staff! Resolved everything instantly.",Positive
"Account locked out for no clear reason.",Negative
"Taking short walk around block during lunch.",Neutral
"Incredible quality! Very satisfied with my purchase.",Positive
"Product broke down after just two days.",Negative
"Checking flight prices for upcoming holiday travel.",Neutral
"Very happy with product quality and speed!",Positive
"Customer care refused to accept return request.",Negative
"Setting up calendar events for next week.",Neutral
"Highly recommend! Everything went smoothly as expected.",Positive
"Item came broken inside damaged shipping box.",Negative
"Taking notes during team weekly status update.",Neutral
"Loved the fast shipping and top quality item!",Positive
"Support ticket closed without resolving my issue.",Negative
"Reviewing project roadmap for next few quarters.",Neutral
"Great service, polite staff and fast shipping!",Positive
"Order canceled unexpectedly without reason or notification.",Negative
"Walking dog in neighborhood park on sunny day.",Neutral
"Super intuitive UI, easy to use daily!",Positive
"App crashes constantly when saving new changes.",Negative
"Checking weather report for weekend outdoor plans.",Neutral
"Delighted with overall quality and fast response!",Positive
"Refund process is extremely tedious and slow.",Negative
"Taking short stretch break away from desk.",Neutral
"Fantastic product design and sleek modern aesthetic!",Positive
"Support agent was unhelpful and closed chat.",Negative
"Organizing digital photos into categorized subfolders today.",Neutral
"Awesome support team, solved my issue fast!",Positive
"Billing charge occurred twice on my card.",Negative
"Having morning coffee while reviewing daily tasks.",Neutral
"Incredible performance and beautiful user interface overall!",Positive
"Package lost during shipment process no update.",Negative
"Writing task list for tomorrow morning goals.",Neutral
"Highly satisfied with overall service experience today!",Positive
"Constant popup ads make application unusable today.",Negative
"Taking coffee break at office desk workstation.",Neutral
"Super fast delivery and item works perfectly!",Positive
"Account suspended without notice or explanation provided.",Negative
"Checking train schedule for evening commute home.",Neutral
"Loved how easy setup process was overall!",Positive
"Product material feels low quality and cheap.",Negative
"Cleaning out workspace desk drawers and organize.",Neutral
"Very pleased with purchase, fast delivery time!",Positive
"Support tickets take weeks to receive answer.",Negative
"Reviewing meeting agenda before joining video call.",Neutral
"Delighted with service! Fast, reliable, and friendly.",Positive
"App update completely broke basic search functionality.",Negative
"Taking notes during morning standup team meeting.",Neutral
"Great purchase! High quality and fast delivery.",Positive
"Customer care phone line was busy for hours.",Negative
"Drinking tea while reading book chapter evening.",Neutral
"Awesome service, fast delivery and top quality!",Positive
"Product broke on very first day use.",Negative
"Setting up workspace desk layout setup.",Neutral
"Super smooth performance and beautiful UI design!",Positive
"Refund taking over month to be processed.",Negative
"Having lunch with team members at cafe.",Neutral
"Incredible quality for such an affordable price!",Positive
"App UI updated but became very clunky.",Negative
"Reading tech news blog during morning commute.",Neutral
"Highly recommend this company! Excellent customer service.",Positive
"Customer support ignored my message for days.",Negative
"Taking short walk around neighborhood during lunch.",Neutral
"Loved the new user interface redesign update!",Positive
"System error wiped my saved user preferences.",Negative
"Checking flight schedules for summer vacation plans.",Neutral
"Fantastic tool! Saves so much time daily.",Positive
"Item delivered was damaged inside box package.",Negative
"Organizing project files in cloud drive folders.",Neutral
"Super intuitive software design, love using it!",Positive
"Customer service representative was extremely rude today.",Negative
"Writing weekly project summary report for team.",Neutral
"Very happy with new features added recently!",Positive
"Frequent server outages make service unusable today.",Negative
"Checking weather report for tomorrow morning walk.",Neutral
"Delighted with overall quality and fast delivery!",Positive
"Support agent was unhelpful and closed ticket.",Negative
"Taking coffee break at workstation desk area.",Neutral
"Awesome quality and very fast shipping speed!",Positive
"Order status stuck on processing for weeks.",Negative
"Reviewing project code pull request on GitHub.",Neutral
"Incredible service! Staff went out of way.",Positive
"App crashes every time I open settings tab.",Negative
"Walking dog around block in neighborhood park.",Neutral
"Great product design, sleek and easy use!",Positive
"Product quality far below what was promised.",Negative
"Setting calendar reminders for upcoming project tasks.",Neutral
"Highly satisfied with customer support resolution time!",Positive
"Billing error charged my card twice today.",Negative
"Taking notes during afternoon team strategy meeting.",Neutral
"Super fast shipping and product works great!",Positive
"App drains phone battery super fast overnight.",Negative
"Drinking tea while working on laptop computer.",Neutral
"Loved the packaging and fast delivery speed!",Positive
"Customer care line hung up while waiting.",Negative
"Having lunch at nearby cafe with colleagues.",Neutral
"Fantastic product! Exceeded my expectations by far.",Positive
"App UI design is confusing and hard navigate.",Negative
"Checking train schedule for upcoming weekend trip.",Neutral
"Delighted with purchase, works exactly as described!",Positive
"Payment deducted twice but order was canceled.",Negative
"Organizing desktop shortcuts and folder file layout.",Neutral
"Awesome customer service! Solved my problem fast.",Positive
"Constant server lag makes application unusable today.",Negative
"Writing summary notes after client phone call.",Neutral
"Super helpful support staff! Resolved everything instantly.",Positive
"Item delivered was completely wrong model product.",Negative
"Taking short walk around block during lunch.",Neutral
"Incredible quality! Very satisfied with my purchase.",Positive
"Customer support ignored my email for days.",Negative
"Checking flight prices for upcoming holiday travel.",Neutral
"Very happy with product quality and speed!",Positive
"Account locked out for no clear reason.",Negative
"Setting up calendar events for next week.",Neutral
"Highly recommend! Everything went smoothly as expected.",Positive
"Product broke down after just two days.",Negative
"Taking notes during team weekly status update.",Neutral
"Loved the fast shipping and top quality item!",Positive
"Customer care refused to accept return request.",Negative
"Reviewing project roadmap for next few quarters.",Neutral
"Great service, polite staff and fast shipping!",Positive
"Item came broken inside damaged shipping box.",Negative
"Walking dog in neighborhood park on sunny day.",Neutral
"Super intuitive UI, easy to use daily!",Positive
"Support ticket closed without resolving my issue.",Negative
"Checking weather report for weekend outdoor plans.",Neutral
"Delighted with overall quality and fast response!",Positive
"Order canceled unexpectedly without reason or notification.",Negative
"Taking short stretch break away from desk.",Neutral
"Fantastic product design and sleek modern aesthetic!",Positive
"App crashes constantly when saving new changes.",Negative
"Organizing digital photos into categorized subfolders today.",Neutral
"Awesome support team, solved my issue fast!",Positive
"Refund process is extremely tedious and slow.",Negative
"Having morning coffee while reviewing daily tasks.",Neutral
"Incredible performance and beautiful user interface overall!",Positive
"Support agent was unhelpful and closed chat.",Negative
"Writing task list for tomorrow morning goals.",Neutral
"Highly satisfied with overall service experience today!",Positive
"Billing charge occurred twice on my card.",Negative
"Taking coffee break at office desk workstation.",Neutral
"Super fast delivery and item works perfectly!",Positive
"Package lost during shipment process no update.",Negative
"Checking train schedule for evening commute home.",Neutral
"Loved how easy setup process was overall!",Positive
"Constant popup ads make application unusable today.",Negative
"Cleaning out workspace desk drawers and organize.",Neutral
"Very pleased with purchase, fast delivery time!",Positive
"Account suspended without notice or explanation provided.",Negative
"Reviewing meeting agenda before joining video call.",Neutral
"Delighted with service! Fast, reliable, and friendly.",Positive
"Product material feels low quality and cheap.",Negative
"Taking notes during morning standup team meeting.",Neutral
"Great purchase! High quality and fast delivery.",Positive
"Support tickets take weeks to receive answer.",Negative
"Drinking tea while reading book chapter evening.",Neutral
"Awesome service, fast delivery and top quality!",Positive
"App update completely broke basic search functionality.",Negative
"Setting up workspace desk layout setup.",Neutral
"Super smooth performance and beautiful UI design!",Positive
"Customer care phone line was busy for hours.",Negative
"Having lunch with team members at cafe.",Neutral
"Incredible quality for such an affordable price!",Positive
"Product broke on very first day use.",Negative
"Reading tech news blog during morning commute.",Neutral
"Highly recommend this company! Excellent customer service.",Positive
"Refund taking over month to be processed.",Negative
"Taking short walk around neighborhood during lunch.",Neutral
"Loved the new user interface redesign update!",Positive
"App UI updated but became very clunky.",Negative
"Checking flight schedules for summer vacation plans.",Neutral
"Fantastic tool! Saves so much time daily.",Positive
"Customer support ignored my message for days.",Negative
"Organizing project files in cloud drive folders.",Neutral
"Super intuitive software design, love using it!",Positive
"System error wiped my saved user preferences.",Negative
"Writing weekly project summary report for team.",Neutral
"Very happy with new features added recently!",Positive
"Item delivered was damaged inside box package.",Negative
"Checking weather report for tomorrow morning walk.",Neutral
"Delighted with overall quality and fast delivery!",Positive
"Customer service representative was extremely rude today.",Negative
"Taking coffee break at workstation desk area.",Neutral
"Awesome quality and very fast shipping speed!",Positive
"Frequent server outages make service unusable today.",Negative
"Reviewing project code pull request on GitHub.",Neutral
"Incredible service! Staff went out of way.",Positive
"Support agent was unhelpful and closed ticket.",Negative
"Walking dog around block in neighborhood park.",Neutral
"Great product design, sleek and easy use!",Positive
"Order status stuck on processing for weeks.",Negative
"Setting calendar reminders for upcoming project tasks.",Neutral
"Highly satisfied with customer support resolution time!",Positive
"App crashes every time I open settings tab.",Negative
"Taking notes during afternoon team strategy meeting.",Neutral
"Super fast shipping and product works great!",Positive
"Product quality far below what was promised.",Negative
"Drinking tea while working on laptop computer.",Neutral
"Loved the packaging and fast delivery speed!",Positive
"Billing error charged my card twice today.",Negative
"Having lunch at nearby cafe with colleagues.",Neutral
"Fantastic product! Exceeded my expectations by far.",Positive
"App drains phone battery super fast overnight.",Negative
"Checking train schedule for upcoming weekend trip.",Neutral
"Delighted with purchase, works exactly as described!",Positive
"Customer care line hung up while waiting.",Negative
"Organizing desktop shortcuts and folder file layout.",Neutral
"Awesome customer service! Solved my problem fast.",Positive
"App UI design is confusing and hard navigate.",Negative
"Writing summary notes after client phone call.",Neutral
"Super helpful support staff! Resolved everything instantly.",Positive
"Payment deducted twice but order was canceled.",Negative
"Taking short walk around block during lunch.",Neutral
"Incredible quality! Very satisfied with my purchase.",Positive
"Constant server lag makes application unusable today.",Negative
"Checking flight prices for upcoming holiday travel.",Neutral
"Very happy with product quality and speed!",Positive
"Item delivered was completely wrong model product.",Negative
"Setting up calendar events for next week.",Neutral
"Highly recommend! Everything went smoothly as expected.",Positive
"Customer support ignored my email for days.",Negative
"Taking notes during team weekly status update.",Neutral
"Loved the fast shipping and top quality item!",Positive
"Account locked out for no clear reason.",Negative
"Reviewing project roadmap for next few quarters.",Neutral
"Great service, polite staff and fast shipping!",Positive
"Product broke down after just two days.",Negative
"Walking dog in neighborhood park on sunny day.",Neutral
"Super intuitive UI, easy to use daily!",Positive
"Customer care refused to accept return request.",Negative
"Checking weather report for weekend outdoor plans.",Neutral
"Delighted with overall quality and fast response!",Positive
"Item came broken inside damaged shipping box.",Negative
"Taking short stretch break away from desk.",Neutral
"Fantastic product design and sleek modern aesthetic!",Positive
"Support ticket closed without resolving my issue.",Negative
"Organizing digital photos into categorized subfolders today.",Neutral
"Awesome support team, solved my issue fast!",Positive
"Order canceled unexpectedly without reason or notification.",Negative
"Having morning coffee while reviewing daily tasks.",Neutral
"Incredible performance and beautiful user interface overall!",Positive
"App crashes constantly when saving new changes.",Negative
"Writing task list for tomorrow morning goals.",Neutral
"Highly satisfied with overall service experience today!",Positive
"Refund process is extremely tedious and slow.",Negative
"Taking coffee break at office desk workstation.",Neutral
"Super fast delivery and item works perfectly!",Positive
"Support agent was unhelpful and closed chat.",Negative
"Checking train schedule for evening commute home.",Neutral
"Loved how easy setup process was overall!",Positive
"Billing charge occurred twice on my card.",Negative
"Cleaning out workspace desk drawers and organize.",Neutral
"Very pleased with purchase, fast delivery time!",Positive
"Package lost during shipment process no update.",Negative
"Reviewing meeting agenda before joining video call.",Neutral
"Delighted with service! Fast, reliable, and friendly.",Positive
"Constant popup ads make application unusable today.",Negative
"Taking notes during morning standup team meeting.",Neutral
"Great purchase! High quality and fast delivery.",Positive
"Account suspended without notice or explanation provided.",Negative
"Drinking tea while reading book chapter evening.",Neutral
"Awesome service, fast delivery and top quality!",Positive
"Product material feels low quality and cheap.",Negative
"Setting up workspace desk layout setup.",Neutral
"Super smooth performance and beautiful UI design!",Positive
"Support tickets take weeks to receive answer.",Negative
"Having lunch with team members at cafe.",Neutral
"Incredible quality for such an affordable price!",Positive
"App update completely broke basic search functionality.",Negative
"Reading tech news blog during morning commute.",Neutral
"Highly recommend this company! Excellent customer service.",Positive
"Customer care phone line was busy for hours.",Negative
"Taking short walk around neighborhood during lunch.",Neutral
"Loved the new user interface redesign update!",Positive
"Product broke on very first day use.",Negative
"Checking flight schedules for summer vacation plans.",Neutral
"Fantastic tool! Saves so much time daily.",Positive
"Refund taking over month to be processed.",Negative
"Organizing project files in cloud drive folders.",Neutral
"Super intuitive software design, love using it!",Positive
"App UI updated but became very clunky.",Negative
"Writing weekly project summary report for team.",Neutral
"Very happy with new features added recently!",Positive
"Customer support ignored my message for days.",Negative
"Checking weather report for tomorrow morning walk.",Neutral
"Delighted with overall quality and fast delivery!",Positive
"System error wiped my saved user preferences.",Negative
"Taking coffee break at workstation desk area.",Neutral
"Awesome quality and very fast shipping speed!",Positive
"Item delivered was damaged inside box package.",Negative
"Reviewing project code pull request on GitHub.",Neutral
"Incredible service! Staff went out of way.",Positive
"Customer service representative was extremely rude today.",Negative
"Walking dog around block in neighborhood park.",Neutral
"Great product design, sleek and easy use!",Positive
"Frequent server outages make service unusable today.",Negative
"Setting calendar reminders for upcoming project tasks.",Neutral
"Highly satisfied with customer support resolution time!",Positive
"Support agent was unhelpful and closed ticket.",Negative
"Taking notes during afternoon team strategy meeting.",Neutral
"Super fast shipping and product works great!",Positive
"Order status stuck on processing for weeks.",Negative
"Drinking tea while working on laptop computer.",Neutral
"Loved the packaging and fast delivery speed!",Positive
"App crashes every time I open settings tab.",Negative
"Having lunch at nearby cafe with colleagues.",Neutral
"Fantastic product! Exceeded my expectations by far.",Positive
"Product quality far below what was promised.",Negative
"Checking train schedule for upcoming weekend trip.",Neutral
"Delighted with purchase, works exactly as described!",Positive
"Billing error charged my card twice today.",Negative
"Organizing desktop shortcuts and folder file layout.",Neutral
"Awesome customer service! Solved my problem fast.",Positive
"App drains phone battery super fast overnight.",Negative
"Writing summary notes after client phone call.",Neutral
"Super helpful support staff! Resolved everything instantly.",Positive
"Customer care line hung up while waiting.",Negative
"Taking short walk around block during lunch.",Neutral
"Incredible quality! Very satisfied with my purchase.",Positive
"App UI design is confusing and hard navigate.",Negative
"Checking flight prices for upcoming holiday travel.",Neutral
"Very happy with product quality and speed!",Positive
"Payment deducted twice but order was canceled.",Negative
"Setting up calendar events for next week.",Neutral
"Highly recommend! Everything went smoothly as expected.",Positive
"Constant server lag makes application unusable today.",Negative
"Taking notes during team weekly status update.",Neutral
"Loved the fast shipping and top quality item!",Positive
"Item delivered was completely wrong model product.",Negative
"Reviewing project roadmap for next few quarters.",Neutral
"Great service, polite staff and fast shipping!",Positive
"Customer support ignored my email for days.",Negative
"Walking dog in neighborhood park on sunny day.",Neutral
"Super intuitive UI, easy to use daily!",Positive
"Account locked out for no clear reason.",Negative
"Checking weather report for weekend outdoor plans.",Neutral
"Delighted with overall quality and fast response!",Positive
"Product broke down after just two days.",Negative
"Taking short stretch break away from desk.",Neutral
"Fantastic product design and sleek modern aesthetic!",Positive
"Customer care refused to accept return request.",Negative
"Organizing digital photos into categorized subfolders today.",Neutral
"Awesome support team, solved my issue fast!",Positive
"Item came broken inside damaged shipping box.",Negative
"Having morning coffee while reviewing daily tasks.",Neutral
"Incredible performance and beautiful user interface overall!",Positive
"Support ticket closed without resolving my issue.",Negative
"Writing task list for tomorrow morning goals.",Neutral
"Highly satisfied with overall service experience today!",Positive
"Order canceled unexpectedly without reason or notification.",Negative
"Taking coffee break at office desk workstation.",Neutral
"Super fast delivery and item works perfectly!",Positive
"App crashes constantly when saving new changes.",Negative
"Checking train schedule for evening commute home.",Neutral
"Loved how easy setup process was overall!",Positive
"Refund process is extremely tedious and slow.",Negative
"Cleaning out workspace desk drawers and organize.",Neutral
"Very pleased with purchase, fast delivery time!",Positive
"Support agent was unhelpful and closed chat.",Negative
"Reviewing meeting agenda before joining video call.",Neutral
"Delighted with service! Fast, reliable, and friendly.",Positive
"Billing charge occurred twice on my card.",Negative
"Taking notes during morning standup team meeting.",Neutral
"Great purchase! High quality and fast delivery.",Positive
"Package lost during shipment process no update.",Negative
"Drinking tea while reading book chapter evening.",Neutral
"Awesome service, fast delivery and top quality!",Positive
"Constant popup ads make application unusable today.",Negative
"Setting up workspace desk layout setup.",Neutral
"Super smooth performance and beautiful UI design!",Positive
"Account suspended without notice or explanation provided.",Negative
"Having lunch with team members at cafe.",Neutral
"Incredible quality for such an affordable price!",Positive
"Product material feels low quality and cheap.",Negative
"Reading tech news blog during morning commute.",Neutral
"Highly recommend this company! Excellent customer service.",Positive
"Support tickets take weeks to receive answer.",Negative
"Taking short walk around neighborhood during lunch.",Neutral
"Loved the new user interface redesign update!",Positive
"App update completely broke basic search functionality.",Negative
"Checking flight schedules for summer vacation plans.",Neutral
"Fantastic tool! Saves so much time daily.",Positive
"Customer care phone line was busy for hours.",Negative
"Organizing project files in cloud drive folders.",Neutral
"Super intuitive software design, love using it!",Positive
"Product broke on very first day use.",Negative
"Writing weekly project summary report for team.",Neutral
"Very happy with new features added recently!",Positive
"Refund taking over month to be processed.",Negative
"Checking weather report for tomorrow morning walk.",Neutral
"Delighted with overall quality and fast delivery!",Positive
"App UI updated but became very clunky.",Negative
"Taking coffee break at workstation desk area.",Neutral
"Awesome quality and very fast shipping speed!",Positive
"Customer support ignored my message for days.",Negative
"Reviewing project code pull request on GitHub.",Neutral
"Incredible service! Staff went out of way.",Positive
"System error wiped my saved user preferences.",Negative
"Walking dog around block in neighborhood park.",Neutral
"Great product design, sleek and easy use!",Positive
"Item delivered was damaged inside box package.",Negative
"Setting calendar reminders for upcoming project tasks.",Neutral
"Highly satisfied with customer support resolution time!",Positive
"Customer service representative was extremely rude today.",Negative
"Taking notes during afternoon team strategy meeting.",Neutral
"Super fast shipping and product works great!",Positive
"Frequent server outages make service unusable today.",Negative
"Drinking tea while working on laptop computer.",Neutral
"Loved the packaging and fast delivery speed!",Positive
"Support agent was unhelpful and closed ticket.",Negative
"Having lunch at nearby cafe with colleagues.",Neutral
"Fantastic product! Exceeded my expectations by far.",Positive
"Order status stuck on processing for weeks.",Negative
"Checking train schedule for upcoming weekend trip.",Neutral
"Delighted with purchase, works exactly as described!",Positive
"App crashes every time I open settings tab.",Negative
"Organizing desktop shortcuts and folder file layout.",Neutral
"Awesome customer service! Solved my problem fast.",Positive
"Product quality far below what was promised.",Negative
"Writing summary notes after client phone call.",Neutral
"Super helpful support staff! Resolved everything instantly.",Positive
"Billing error charged my card twice today.",Negative
"Taking short walk around block during lunch.",Neutral
"Incredible quality! Very satisfied with my purchase.",Positive
"App drains phone battery super fast overnight.",Negative
"Checking flight prices for upcoming holiday travel.",Neutral
"Very happy with product quality and speed!",Positive
"Customer care line hung up while waiting.",Negative
"Setting up calendar events for next week.",Neutral
"Highly recommend! Everything went smoothly as expected.",Positive
"App UI design is confusing and hard navigate.",Negative
"Taking notes during team weekly status update.",Neutral
"Loved the fast shipping and top quality item!",Positive
"Payment deducted twice but order was canceled.",Negative
"Reviewing project roadmap for next few quarters.",Neutral
"Great service, polite staff and fast shipping!",Positive
"Constant server lag makes application unusable today.",Negative
"Walking dog in neighborhood park on sunny day.",Neutral
"Super intuitive UI, easy to use daily!",Positive
"Item delivered was completely wrong model product.",Negative
"Checking weather report for weekend outdoor plans.",Neutral
"Delighted with overall quality and fast response!",Positive
"Customer support ignored my email for days.",Negative
"Taking short stretch break away from desk.",Neutral
"Fantastic product design and sleek modern aesthetic!",Positive
"Account locked out for no clear reason.",Negative
"Organizing digital photos into categorized subfolders today.",Neutral
"Awesome support team, solved my issue fast!",Positive
"Product broke down after just two days.",Negative
"Having morning coffee while reviewing daily tasks.",Neutral
"Incredible performance and beautiful user interface overall!",Positive
"Customer care refused to accept return request.",Negative
"Writing task list for tomorrow morning goals.",Neutral
"Highly satisfied with overall service experience today!",Positive
"Item came broken inside damaged shipping box.",Negative
"Taking coffee break at office desk workstation.",Neutral
"Super fast delivery and item works perfectly!",Positive
"Support ticket closed without resolving my issue.",Negative
"Checking train schedule for evening commute home.",Neutral
"Loved how easy setup process was overall!",Positive
"Order canceled unexpectedly without reason or notification.",Negative
"Cleaning out workspace desk drawers and organize.",Neutral
"Very pleased with purchase, fast delivery time!",Positive
"App crashes constantly when saving new changes.",Negative
"Reviewing meeting agenda before joining video call.",Neutral
"Delighted with service! Fast, reliable, and friendly.",Positive
"Refund process is extremely tedious and slow.",Negative
"Taking notes during morning standup team meeting.",Neutral
"Great purchase! High quality and fast delivery.",Positive
"Support agent was unhelpful and closed chat.",Negative
"Drinking tea while reading book chapter evening.",Neutral
"Awesome service, fast delivery and top quality!",Positive
"Billing charge occurred twice on my card.",Negative
"Setting up workspace desk layout setup.",Neutral
"Super smooth performance and beautiful UI design!",Positive
"Package lost during shipment process no update.",Negative
"Having lunch with team members at cafe.",Neutral
"Incredible quality for such an affordable price!",Positive
"Constant popup ads make application unusable today.",Negative
"Reading tech news blog during morning commute.",Neutral
"Highly recommend this company! Excellent customer service.",Positive
"Account suspended without notice or explanation provided.",Negative
"Taking short walk around neighborhood during lunch.",Neutral
"Loved the new user interface redesign update!",Positive
"Product material feels low quality and cheap.",Negative
"Checking flight schedules for summer vacation plans.",Neutral
"Fantastic tool! Saves so much time daily.",Positive
"Support tickets take weeks to receive answer.",Negative
"Organizing project files in cloud drive folders.",Neutral
"Super intuitive software design, love using it!",Positive
"App update completely broke basic search functionality.",Negative
"Writing weekly project summary report for team.",Neutral
"Very happy with new features added recently!",Positive
"Customer care phone line was busy for hours.",Negative
"Checking weather report for tomorrow morning walk.",Neutral
"Delighted with overall quality and fast delivery!",Positive
"Product broke on very first day use.",Negative
"Taking coffee break at workstation desk area.",Neutral
"Awesome quality and very fast shipping speed!",Positive
"Refund taking over month to be processed.",Negative
"Reviewing project code pull request on GitHub.",Neutral
"Incredible service! Staff went out of way.",Positive
"App UI updated but became very clunky.",Negative
"Walking dog around block in neighborhood park.",Neutral
"Great product design, sleek and easy use!",Positive
"Customer support ignored my message for days.",Negative
"Setting calendar reminders for upcoming project tasks.",Neutral
"Highly satisfied with customer support resolution time!",Positive
"System error wiped my saved user preferences.",Negative
"Taking notes during afternoon team strategy meeting.",Neutral
"Super fast shipping and product works great!",Positive
"Item delivered was damaged inside box package.",Negative
"Drinking tea while working on laptop computer.",Neutral
"Loved the packaging and fast delivery speed!",Positive
"Customer service representative was extremely rude today.",Negative
"Having lunch at nearby cafe with colleagues.",Neutral
"Fantastic product! Exceeded my expectations by far.",Positive
"Frequent server outages make service unusable today.",Negative
"Checking train schedule for upcoming weekend trip.",Neutral
"Delighted with purchase, works exactly as described!",Positive
"Support agent was unhelpful and closed ticket.",Negative
"Organizing desktop shortcuts and folder file layout.",Neutral
"Awesome customer service! Solved my problem fast.",Positive
"Order status stuck on processing for weeks.",Negative
"Writing summary notes after client phone call.",Neutral
"Super helpful support staff! Resolved everything instantly.",Positive
"App crashes every time I open settings tab.",Negative
"Taking short walk around block during lunch.",Neutral
"Incredible quality! Very satisfied with my purchase.",Positive
"Product quality far below what was promised.",Negative
"Checking flight prices for upcoming holiday travel.",Neutral
"Very happy with product quality and speed!",Positive
"Billing error charged my card twice today.",Negative
"Setting up calendar events for next week.",Neutral
"Highly recommend! Everything went smoothly as expected.",Positive
"App drains phone battery super fast overnight.",Negative
"Taking notes during team weekly status update.",Neutral
"Loved the fast shipping and top quality item!",Positive
"Customer care line hung up while waiting.",Negative
"Reviewing project roadmap for next few quarters.",Neutral
"Great service, polite staff and fast shipping!",Positive
"App UI design is confusing and hard navigate.",Negative
"Walking dog in neighborhood park on sunny day.",Neutral
"Super intuitive UI, easy to use daily!",Positive
"Payment deducted twice but order was canceled.",Negative
"Checking weather report for weekend outdoor plans.",Neutral
"Delighted with overall quality and fast response!",Positive
"Constant server lag makes application unusable today.",Negative
"Taking short stretch break away from desk.",Neutral
"Fantastic product design and sleek modern aesthetic!",Positive
"Item delivered was completely wrong model product.",Negative
"Organizing digital photos into categorized subfolders today.",Neutral
"Awesome support team, solved my issue fast!",Positive
"Customer support ignored my email for days.",Negative
"Having morning coffee while reviewing daily tasks.",Neutral
"Incredible performance and beautiful user interface overall!",Positive
"Account locked out for no clear reason.",Negative
"Writing task list for tomorrow morning goals.",Neutral
"Highly satisfied with overall service experience today!",Positive
"Product broke down after just two days.",Negative
"Taking coffee break at office desk workstation.",Neutral
"Super fast delivery and item works perfectly!",Positive
"Customer care refused to accept return request.",Negative
"Checking train schedule for evening commute home.",Neutral
"Loved how easy setup process was overall!",Positive
"Item came broken inside damaged shipping box.",Negative
"Cleaning out workspace desk drawers and organize.",Neutral
"Very pleased with purchase, fast delivery time!",Positive
"Support ticket closed without resolving my issue.",Negative
"Reviewing meeting agenda before joining video call.",Neutral
"Delighted with service! Fast, reliable, and friendly.",Positive
"Order canceled unexpectedly without reason or notification.",Negative
"Taking notes during morning standup team meeting.",Neutral
"Great purchase! High quality and fast delivery.",Positive
"App crashes constantly when saving new changes.",Negative
"Drinking tea while reading book chapter evening.",Neutral
"Awesome service, fast delivery and top quality!",Positive
"Refund process is extremely tedious and slow.",Negative
"Setting up workspace desk layout setup.",Neutral
"Super smooth performance and beautiful UI design!",Positive
"Support agent was unhelpful and closed chat.",Negative
"Having lunch with team members at cafe.",Neutral
"Incredible quality for such an affordable price!",Positive
"Billing charge occurred twice on my card.",Negative
"Reading tech news blog during morning commute.",Neutral
"Highly recommend this company! Excellent customer service.",Positive
"Package lost during shipment process no update.",Negative
"Taking short walk around neighborhood during lunch.",Neutral
"Loved the new user interface redesign update!",Positive
"Constant popup ads make application unusable today.",Negative
"Checking flight schedules for summer vacation plans.",Neutral
"Fantastic tool! Saves so much time daily.",Positive
"Account suspended without notice or explanation provided.",Negative
"Organizing project files in cloud drive folders.",Neutral
"Super intuitive software design, love using it!",Positive
"Product material feels low quality and cheap.",Negative
"Writing weekly project summary report for team.",Neutral
"Very happy with new features added recently!",Positive
"Support tickets take weeks to receive answer.",Negative
"Checking weather report for tomorrow morning walk.",Neutral
"Delighted with overall quality and fast delivery!",Positive
"App update completely broke basic search functionality.",Negative
"Taking coffee break at workstation desk area.",Neutral
"Awesome quality and very fast shipping speed!",Positive
"Customer care phone line was busy for hours.",Negative
"Reviewing project code pull request on GitHub.",Neutral
"Incredible service! Staff went out of way.",Positive
"Product broke on very first day use.",Negative
"Walking dog around block in neighborhood park.",Neutral
"Great product design, sleek and easy use!",Positive
"Refund taking over month to be processed.",Negative
"Setting calendar reminders for upcoming project tasks.",Neutral
"Highly satisfied with customer support resolution time!",Positive
"App UI updated but became very clunky.",Negative
"Taking notes during afternoon team strategy meeting.",Neutral
"Super fast shipping and product works great!",Positive
"Customer support ignored my message for days.",Negative
"Drinking tea while working on laptop computer.",Neutral
"Loved the packaging and fast delivery speed!",Positive
"System error wiped my saved user preferences.",Negative
"Having lunch at nearby cafe with colleagues.",Neutral
"Fantastic product! Exceeded my expectations by far.",Positive
"Item delivered was damaged inside box package.",Negative
"Checking train schedule for upcoming weekend trip.",Neutral
"Delighted with purchase, works exactly as described!",Positive
"Customer service representative was extremely rude today.",Negative
"Organizing desktop shortcuts and folder file layout.",Neutral
"Awesome customer service! Solved my problem fast.",Positive
"Frequent server outages make service unusable today.",Negative
"Writing summary notes after client phone call.",Neutral
"Super helpful support staff! Resolved everything instantly.",Positive
"Support agent was unhelpful and closed ticket.",Negative
"Taking short walk around block during lunch.",Neutral
"Incredible quality! Very satisfied with my purchase.",Positive
"Order status stuck on processing for weeks.",Negative
"Checking flight prices for upcoming holiday travel.",Neutral
"Very happy with product quality and speed!",Positive
"App crashes every time I open settings tab.",Negative
"Setting up calendar events for next week.",Neutral
"Highly recommend! Everything went smoothly as expected.",Positive
"Product quality far below what was promised.",Negative
"Taking notes during team weekly status update.",Neutral
"Loved the fast shipping and top quality item!",Positive
"Billing error charged my card twice today.",Negative
"Reviewing project roadmap for next few quarters.",Neutral
"Great service, polite staff and fast shipping!",Positive
"App drains phone battery super fast overnight.",Negative
"Walking dog in neighborhood park on sunny day.",Neutral
"Super intuitive UI, easy to use daily!",Positive
"Customer care line hung up while waiting.",Negative
"Checking weather report for weekend outdoor plans.",Neutral
"Delighted with overall quality and fast response!",Positive
"App UI design is confusing and hard navigate.",Negative
"Taking short stretch break away from desk.",Neutral
"Fantastic product design and sleek modern aesthetic!",Positive
"Payment deducted twice but order was canceled.",Negative
"Organizing digital photos into categorized subfolders today.",Neutral
"Awesome support team, solved my issue fast!",Positive
"Constant server lag makes application unusable today.",Negative
"Having morning coffee while reviewing daily tasks.",Neutral
"Incredible performance and beautiful user interface overall!",Positive
"Item delivered was completely wrong model product.",Negative
"Writing task list for tomorrow morning goals.",Neutral
"Highly satisfied with overall service experience today!",Positive
"Customer support ignored my email for days.",Negative
"Taking coffee break at office desk workstation.",Neutral
"Super fast delivery and item works perfectly!",Positive
"Account locked out for no clear reason.",Negative
"Checking train schedule for evening commute home.",Neutral
"Loved how easy setup process was overall!",Positive
"Product broke down after just two days.",Negative
"Cleaning out workspace desk drawers and organize.",Neutral
"Very pleased with purchase, fast delivery time!",Positive
"Customer care refused to accept return request.",Negative
"Reviewing meeting agenda before joining video call.",Neutral
"Delighted with service! Fast, reliable, and friendly.",Positive
"Item came broken inside damaged shipping box.",Negative
"Taking notes during morning standup team meeting.",Neutral
"Great purchase! High quality and fast delivery.",Positive
"Support ticket closed without resolving my issue.",Negative
"Drinking tea while reading book chapter evening.",Neutral
"Awesome service, fast delivery and top quality!",Positive
"Order canceled unexpectedly without reason or notification.",Negative
"Setting up workspace desk layout setup.",Neutral
"Super smooth performance and beautiful UI design!",Positive
"App crashes constantly when saving new changes.",Negative
"Having lunch with team members at cafe.",Neutral
"Incredible quality for such an affordable price!",Positive
"Refund process is extremely tedious and slow.",Negative
"Reading tech news blog during morning commute.",Neutral
"Highly recommend this company! Excellent customer service.",Positive
"Support agent was unhelpful and closed chat.",Negative
"Taking short walk around neighborhood during lunch.",Neutral
"Loved the new user interface redesign update!",Positive
"Billing charge occurred twice on my card.",Negative
"Checking flight schedules for summer vacation plans.",Neutral
"Fantastic tool! Saves so much time daily.",Positive
"Package lost during shipment process no update.",Negative
"Organizing project files in cloud drive folders.",Neutral
"Super intuitive software design, love using it!",Positive
"Constant popup ads make application unusable today.",Negative
"Writing weekly project summary report for team.",Neutral
"Very happy with new features added recently!",Positive
"Account suspended without notice or explanation provided.",Negative
"Checking weather report for tomorrow morning walk.",Neutral
"Delighted with overall quality and fast delivery!",Positive
"Product material feels low quality and cheap.",Negative
"Taking coffee break at workstation desk area.",Neutral
"Awesome quality and very fast shipping speed!",Positive
"Support tickets take weeks to receive answer.",Negative
"Reviewing project code pull request on GitHub.",Neutral
"Incredible service! Staff went out of way.",Positive
"App update completely broke basic search functionality.",Negative
"Walking dog around block in neighborhood park.",Neutral
"Great product design, sleek and easy use!",Positive
"Customer care phone line was busy for hours.",Negative
"Setting calendar reminders for upcoming project tasks.",Neutral
"Highly satisfied with customer support resolution time!",Positive
"Product broke on very first day use.",Negative
"Taking notes during afternoon team strategy meeting.",Neutral
"Super fast shipping and product works great!",Positive
"Refund taking over month to be processed.",Negative
"Drinking tea while working on laptop computer.",Neutral
"Loved the packaging and fast delivery speed!",Positive
"App UI updated but became very clunky.",Negative
"Having lunch at nearby cafe with colleagues.",Neutral
"Fantastic product! Exceeded my expectations by far.",Positive
"Customer support ignored my message for days.",Negative
"Checking train schedule for upcoming weekend trip.",Neutral
"Delighted with purchase, works exactly as described!",Positive
"System error wiped my saved user preferences.",Negative
"Organizing desktop shortcuts and folder file layout.",Neutral
"Awesome customer service! Solved my problem fast.",Positive
"Item delivered was damaged inside box package.",Negative
"Writing summary notes after client phone call.",Neutral
"Super helpful support staff! Resolved everything instantly.",Positive
"Customer service representative was extremely rude today.",Negative
"Taking short walk around block during lunch.",Neutral
"Incredible quality! Very satisfied with my purchase.",Positive
"Frequent server outages make service unusable today.",Negative
"Checking flight prices for upcoming holiday travel.",Neutral
"Very happy with product quality and speed!",Positive
"Support agent was unhelpful and closed ticket.",Negative
"Setting up calendar events for next week.",Neutral
"Highly recommend! Everything went smoothly as expected.",Positive
"Order status stuck on processing for weeks.",Negative
"Taking notes during team weekly status update.",Neutral
"Loved the fast shipping and top quality item!",Positive
"App crashes every time I open settings tab.",Negative
"Reviewing project roadmap for next few quarters.",Neutral
"Great service, polite staff and fast shipping!",Positive
"Product quality far below what was promised.",Negative
"Walking dog in neighborhood park on sunny day.",Neutral
"Super intuitive UI, easy to use daily!",Positive
"Billing error charged my card twice today.",Negative
"Checking weather report for weekend outdoor plans.",Neutral
"Delighted with overall quality and fast response!",Positive
"App drains phone battery super fast overnight.",Negative
"Taking short stretch break away from desk.",Neutral
"Fantastic product design and sleek modern aesthetic!",Positive
"Customer care line hung up while waiting.",Negative
"Organizing digital photos into categorized subfolders today.",Neutral
"Awesome support team, solved my issue fast!",Positive
"App UI design is confusing and hard navigate.",Negative
"Having morning coffee while reviewing daily tasks.",Neutral
"Incredible performance and beautiful user interface overall!",Positive
"Payment deducted twice but order was canceled.",Negative
"Writing task list for tomorrow morning goals.",Neutral
"Highly satisfied with overall service experience today!",Positive
"Constant server lag makes application unusable today.",Negative
"Taking coffee break at office desk workstation.",Neutral
"Super fast delivery and item works perfectly!",Positive
"Item delivered was completely wrong model product.",Negative
"Checking train schedule for evening commute home.",Neutral
"Loved how easy setup process was overall!",Positive
"Customer support ignored my email for days.",Negative
"Cleaning out workspace desk drawers and organize.",Neutral
"Very pleased with purchase, fast delivery time!",Positive
"Account locked out for no clear reason.",Negative
"Reviewing meeting agenda before joining video call.",Neutral
"Delighted with service! Fast, reliable, and friendly.",Positive
"Product broke down after just two days.",Negative
"Taking notes during morning standup team meeting.",Neutral
"Great purchase! High quality and fast delivery.",Positive
"Customer care refused to accept return request.",Negative
"Drinking tea while reading book chapter evening.",Neutral
"Awesome service, fast delivery and top quality!",Positive
"Item came broken inside damaged shipping box.",Negative
"Setting up workspace desk layout setup.",Neutral
"Super smooth performance and beautiful UI design!",Positive
"Support ticket closed without resolving my issue.",Negative
"Having lunch with team members at cafe.",Neutral
"Incredible quality for such an affordable price!",Positive
"Order canceled unexpectedly without reason or notification.",Negative
"Reading tech news blog during morning commute.",Neutral
"Highly recommend this company! Excellent customer service.",Positive
"App crashes constantly when saving new changes.",Negative
"Taking short walk around neighborhood during lunch.",Neutral
"Loved the new user interface redesign update!",Positive
"Refund process is extremely tedious and slow.",Negative
"Checking flight schedules for summer vacation plans.",Neutral
"Fantastic tool! Saves so much time daily.",Positive
"Support agent was unhelpful and closed chat.",Negative
"Organizing project files in cloud drive folders.",Neutral
"Super intuitive software design, love using it!",Positive
"Billing charge occurred twice on my card.",Negative
"Writing weekly project summary report for team.",Neutral
"Very happy with new features added recently!",Positive
"Package lost during shipment process no update.",Negative
"Checking weather report for tomorrow morning walk.",Neutral
"Delighted with overall quality and fast delivery!",Positive
"Constant popup ads make application unusable today.",Negative
"Taking coffee break at workstation desk area.",Neutral
"Awesome quality and very fast shipping speed!",Positive
"Account suspended without notice or explanation provided.",Negative
"Reviewing project code pull request on GitHub.",Neutral
"Incredible service! Staff went out of way.",Positive
"Product material feels low quality and cheap.",Negative
"Walking dog around block in neighborhood park.",Neutral
"Great product design, sleek and easy use!",Positive
"Support tickets take weeks to receive answer.",Negative
"Setting calendar reminders for upcoming project tasks.",Neutral
"Highly satisfied with customer support resolution time!",Positive
"App update completely broke basic search functionality.",Negative
"Taking notes during afternoon team strategy meeting.",Neutral
"Super fast shipping and product works great!",Positive
"Customer care phone line was busy for hours.",Negative
"Drinking tea while working on laptop computer.",Neutral
"Loved the packaging and fast delivery speed!",Positive
"Product broke on very first day use.",Negative
"Having lunch at nearby cafe with colleagues.",Neutral
"Fantastic product! Exceeded my expectations by far.",Positive
"Refund taking over month to be processed.",Negative
"Checking train schedule for upcoming weekend trip.",Neutral
"Delighted with purchase, works exactly as described!",Positive
"App UI updated but became very clunky.",Negative
"Organizing desktop shortcuts and folder file layout.",Neutral
"Awesome customer service! Solved my problem fast.",Positive
"Customer support ignored my message for days.",Negative
"Writing summary notes after client phone call.",Neutral
"Super helpful support staff! Resolved everything instantly.",Positive
"System error wiped my saved user preferences.",Negative
"Taking short walk around block during lunch.",Neutral
"Incredible quality! Very satisfied with my purchase.",Positive
"Item delivered was damaged inside box package.",Negative
"Checking flight prices for upcoming holiday travel.",Neutral
"Very happy with product quality and speed!",Positive
"Customer service representative was extremely rude today.",Negative
"Setting up calendar events for next week.",Neutral
"Highly recommend! Everything went smoothly as expected.",Positive
"Frequent server outages make service unusable today.",Negative
"Taking notes during team weekly status update.",Neutral
"Loved the fast shipping and top quality item!",Positive
"Support agent was unhelpful and closed ticket.",Negative
"Reviewing project roadmap for next few quarters.",Neutral
"Great service, polite staff and fast shipping!",Positive
"Order status stuck on processing for weeks.",Negative
"Walking dog in neighborhood park on sunny day.",Neutral
"Super intuitive UI, easy to use daily!",Positive
"App crashes every time I open settings tab.",Negative
"Checking weather report for weekend outdoor plans.",Neutral
"Delighted with overall quality and fast response!",Positive
"Product quality far below what was promised.",Negative
"Taking short stretch break away from desk.",Neutral
"Fantastic product design and sleek modern aesthetic!",Positive
"Billing error charged my card twice today.",Negative
"Organizing digital photos into categorized subfolders today.",Neutral
"Awesome support team, solved my issue fast!",Positive
"App drains phone battery super fast overnight.",Negative
"Having morning coffee while reviewing daily tasks.",Neutral
"Incredible performance and beautiful user interface overall!",Positive
"Customer care line hung up while waiting.",Negative
"Writing task list for tomorrow morning goals.",Neutral
"Highly satisfied with overall service experience today!",Positive
"App UI design is confusing and hard navigate.",Negative
"Taking coffee break at office desk workstation.",Neutral
"Super fast delivery and item works perfectly!",Positive
"Payment deducted twice but order was canceled.",Negative
"Checking train schedule for evening commute home.",Neutral
"Loved how easy setup process was overall!",Positive
"Constant server lag makes application unusable today.",Negative
"Cleaning out workspace desk drawers and organize.",Neutral
"Very pleased with purchase, fast delivery time!",Positive
"Item delivered was completely wrong model product.",Negative
"Reviewing meeting agenda before joining video call.",Neutral
"Delighted with service! Fast, reliable, and friendly.",Positive
"Customer support ignored my email for days.",Negative
"Taking notes during morning standup team meeting.",Neutral
"Great purchase! High quality and fast delivery.",Positive
"Account locked out for no clear reason.",Negative
"Drinking tea while reading book chapter evening.",Neutral
"Awesome service, fast delivery and top quality!",Positive
"Product broke down after just two days.",Negative
"Setting up workspace desk layout setup.",Neutral
"Super smooth performance and beautiful UI design!",Positive
"Customer care refused to accept return request.",Negative
"Having lunch with team members at cafe.",Neutral
"Incredible quality for such an affordable price!",Positive
"Item came broken inside damaged shipping box.",Negative
"Reading tech news blog during morning commute.",Neutral
"Highly recommend this company! Excellent customer service.",Positive
"Support ticket closed without resolving my issue.",Negative
"Taking short walk around neighborhood during lunch.",Neutral
"Loved the new user interface redesign update!",Positive
"Order canceled unexpectedly without reason or notification.",Negative
"Checking flight schedules for summer vacation plans.",Neutral
"Fantastic tool! Saves so much time daily.",Positive
"App crashes constantly when saving new changes.",Negative
"Organizing project files in cloud drive folders.",Neutral
"Super intuitive software design, love using it!",Positive
"Refund process is extremely tedious and slow.",Negative
"Writing weekly project summary report for team.",Neutral
"Very happy with new features added recently!",Positive
"Support agent was unhelpful and closed chat.",Negative
"Checking weather report for tomorrow morning walk.",Neutral
"Delighted with overall quality and fast delivery!",Positive
"Billing charge occurred twice on my card.",Negative
"Taking coffee break at workstation desk area.",Neutral
"Awesome quality and very fast shipping speed!",Positive
"Package lost during shipment process no update.",Negative
"Reviewing project code pull request on GitHub.",Neutral
"Incredible service! Staff went out of way.",Positive
"Constant popup ads make application unusable today.",Negative
"Walking dog around block in neighborhood park.",Neutral
"Great product design, sleek and easy use!",Positive
"Account suspended without notice or explanation provided.",Negative
"Setting calendar reminders for upcoming project tasks.",Neutral
"Highly satisfied with customer support resolution time!",Positive
"Product material feels low quality and cheap.",Negative
"Taking notes during afternoon team strategy meeting.",Neutral
"Super fast shipping and product works great!",Positive
"Support tickets take weeks to receive answer.",Negative
"Drinking tea while working on laptop computer.",Neutral
"Loved the packaging and fast delivery speed!",Positive
"App update completely broke basic search functionality.",Negative
"Having lunch at nearby cafe with colleagues.",Neutral
"Fantastic product! Exceeded my expectations by far.",Positive
"Customer care phone line was busy for hours.",Negative
"Checking train schedule for upcoming weekend trip.",Neutral
"Delighted with purchase, works exactly as described!",Positive
"Product broke on very first day use.",Negative
"Organizing desktop shortcuts and folder file layout.",Neutral
"Awesome customer service! Solved my problem fast.",Positive
"Refund taking over month to be processed.",Negative
"Writing summary notes after client phone call.",Neutral
"Super helpful support staff! Resolved everything instantly.",Positive
"App UI updated but became very clunky.",Negative
"Taking short walk around block during lunch.",Neutral
"Incredible quality! Very satisfied with my purchase.",Positive
"Customer support ignored my message for days.",Negative
"Checking flight prices for upcoming holiday travel.",Neutral
"Very happy with product quality and speed!",Positive
"System error wiped my saved user preferences.",Negative
"Setting up calendar events for next week.",Neutral
"Highly recommend! Everything went smoothly as expected.",Positive
"Item delivered was damaged inside box package.",Negative
"Taking notes during team weekly status update.",Neutral
"Loved the fast shipping and top quality item!",Positive
"Customer service representative was extremely rude today.",Negative
"Reviewing project roadmap for next few quarters.",Neutral
"Great service, polite staff and fast shipping!",Positive
"Frequent server outages make service unusable today.",Negative
"Walking dog in neighborhood park on sunny day.",Neutral
"Super intuitive UI, easy to use daily!",Positive
"Support agent was unhelpful and closed ticket.",Negative
"Checking weather report for weekend outdoor plans.",Neutral
"Delighted with overall quality and fast response!",Positive
"Order status stuck on processing for weeks.",Negative
"Taking short stretch break away from desk.",Neutral
"Fantastic product design and sleek modern aesthetic!",Positive
"App crashes every time I open settings tab.",Negative
"Organizing digital photos into categorized subfolders today.",Neutral
"Awesome support team, solved my issue fast!",Positive
"Product quality far below what was promised.",Negative
"Having morning coffee while reviewing daily tasks.",Neutral
"Incredible performance and beautiful user interface overall!",Positive
"Billing error charged my card twice today.",Negative
"Writing task list for tomorrow morning goals.",Neutral
"Highly satisfied with overall service experience today!",Positive
"App drains phone battery super fast overnight.",Negative
"Taking coffee break at office desk workstation.",Neutral
"Super fast delivery and item works perfectly!",Positive
"Customer care line hung up while waiting.",Negative
"Checking train schedule for evening commute home.",Neutral
"Loved how easy setup process was overall!",Positive
"App UI design is confusing and hard navigate.",Negative
"Cleaning out workspace desk drawers and organize.",Neutral
"Very pleased with purchase, fast delivery time!",Positive
"Payment deducted twice but order was canceled.",Negative
"Reviewing meeting agenda before joining video call.",Neutral
"Delighted with service! Fast, reliable, and friendly.",Positive
"Constant server lag makes application unusable today.",Negative
"Taking notes during morning standup team meeting.",Neutral
"Great purchase! High quality and fast delivery.",Positive
"Item delivered was completely wrong model product.",Negative
"Drinking tea while reading book chapter evening.",Neutral
"Awesome service, fast delivery and top quality!",Positive
"Customer support ignored my email for days.",Negative
"Setting up workspace desk layout setup.",Neutral
"Super smooth performance and beautiful UI design!",Positive
"Account locked out for no clear reason.",Negative
"Having lunch with team members at cafe.",Neutral
"Incredible quality for such an affordable price!",Positive
"Product broke down after just two days.",Negative
"Reading tech news blog during morning commute.",Neutral
"Highly recommend this company! Excellent customer service.",Positive
"Customer care refused to accept return request.",Negative
"Taking short walk around neighborhood during lunch.",Neutral
"Loved the new user interface redesign update!",Positive
"Item came broken inside damaged shipping box.",Negative
"Checking flight schedules for summer vacation plans.",Neutral
"Fantastic tool! Saves so much time daily.",Positive
"Support ticket closed without resolving my issue.",Negative
"Organizing project files in cloud drive folders.",Neutral
"Super intuitive software design, love using it!",Positive
"Order canceled unexpectedly without reason or notification.",Negative
"Writing weekly project summary report for team.",Neutral
"Very happy with new features added recently!",Positive
"App crashes constantly when saving new changes.",Negative
"Checking weather report for tomorrow morning walk.",Neutral
"Delighted with overall quality and fast delivery!",Positive
"Refund process is extremely tedious and slow.",Negative
"Taking coffee break at workstation desk area.",Neutral
"Awesome quality and very fast shipping speed!",Positive
"Support agent was unhelpful and closed chat.",Negative
"Reviewing project code pull request on GitHub.",Neutral
"Incredible service! Staff went out of way.",Positive
"Billing charge occurred twice on my card.",Negative
"Walking dog around block in neighborhood park.",Neutral
"Great product design, sleek and easy use!",Positive
"Package lost during shipment process no update.",Negative
"Setting calendar reminders for upcoming project tasks.",Neutral
"Highly satisfied with customer support resolution time!",Positive
"Constant popup ads make application unusable today.",Negative
"Taking notes during afternoon team strategy meeting.",Neutral
"Super fast shipping and product works great!",Positive
"Account suspended without notice or explanation provided.",Negative
"Drinking tea while working on laptop computer.",Neutral
"Loved the packaging and fast delivery speed!",Positive
"Product material feels low quality and cheap.",Negative
"Having lunch at nearby cafe with colleagues.",Neutral
"Fantastic product! Exceeded my expectations by far.",Positive
"Support tickets take weeks to receive answer.",Negative
"Checking train schedule for upcoming weekend trip.",Neutral
"Delighted with purchase, works exactly as described!",Positive
"App update completely broke basic search functionality.",Negative
"Organizing desktop shortcuts and folder file layout.",Neutral
"Awesome customer service! Solved my problem fast.",Positive
"Customer care phone line was busy for hours.",Negative
"Writing summary notes after client phone call.",Neutral
"Super helpful support staff! Resolved everything instantly.",Positive
"Product broke on very first day use.",Negative
"Taking short walk around block during lunch.",Neutral
"Incredible quality! Very satisfied with my purchase.",Positive
"Refund taking over month to be processed.",Negative
"Checking flight prices for upcoming holiday travel.",Neutral
"Very happy with product quality and speed!",Positive
"App UI updated but became very clunky.",Negative
"Setting up calendar events for next week.",Neutral
"Highly recommend! Everything went smoothly as expected.",Positive
"Customer support ignored my message for days.",Negative
"Taking notes during team weekly status update.",Neutral
"Loved the fast shipping and top quality item!",Positive
"System error wiped my saved user preferences.",Negative
"Reviewing project roadmap for next few quarters.",Neutral
"Great service, polite staff and fast shipping!",Positive
"Item delivered was damaged inside box package.",Negative
"Walking dog in neighborhood park on sunny day.",Neutral
"Super intuitive UI, easy to use daily!",Positive
"Customer service representative was extremely rude today.",Negative
"Checking weather report for weekend outdoor plans.",Neutral
"Delighted with overall quality and fast response!",Positive
"Frequent server outages make service unusable today.",Negative
"Taking short stretch break away from desk.",Neutral
"Fantastic product design and sleek modern aesthetic!",Positive
"Support agent was unhelpful and closed ticket.",Negative
"Organizing digital photos into categorized subfolders today.",Neutral
"Awesome support team, solved my issue fast!",Positive
"Order status stuck on processing for weeks.",Negative
"Having morning coffee while reviewing daily tasks.",Neutral
"Incredible performance and beautiful user interface overall!",Positive
"App crashes every time I open settings tab.",Negative
"Writing task list for tomorrow morning goals.",Neutral
"Highly satisfied with overall service experience today!",Positive
"Product quality far below what was promised.",Negative
"Taking coffee break at office desk workstation.",Neutral
"Super fast delivery and item works perfectly!",Positive
"Billing error charged my card twice today.",Negative
"Checking train schedule for evening commute home.",Neutral
"Loved how easy setup process was overall!",Positive
"App drains phone battery super fast overnight.",Negative
"Cleaning out workspace desk drawers and organize.",Neutral
"Very pleased with purchase, fast delivery time!",Positive
"Customer care line hung up while waiting.",Negative
"Reviewing meeting agenda before joining video call.",Neutral
"Delighted with service! Fast, reliable, and friendly.",Positive
"App UI design is confusing and hard navigate.",Negative
"Taking notes during morning standup team meeting.",Neutral
"Great purchase! High quality and fast delivery.",Positive
"Payment deducted twice but order was canceled.",Negative
"Drinking tea while reading book chapter evening.",Neutral
"Awesome service, fast delivery and top quality!",Positive
"Constant server lag makes application unusable today.",Negative
"Setting up workspace desk layout setup.",Neutral
"Super smooth performance and beautiful UI design!",Positive
"Item delivered was completely wrong model product.",Negative
"Having lunch with team members at cafe.",Neutral
"Incredible quality for such an affordable price!",Positive
"Customer support ignored my email for days.",Negative
"Reading tech news blog during morning commute.",Neutral
"Highly recommend this company! Excellent customer service.",Positive
"Account locked out for no clear reason.",Negative
"Taking short walk around neighborhood during lunch.",Neutral
"Loved the new user interface redesign update!",Positive
"Product broke down after just two days.",Negative
"Checking flight schedules for summer vacation plans.",Neutral
"Fantastic tool! Saves so much time daily.",Positive
"Customer care refused to accept return request.",Negative
"Organizing project files in cloud drive folders.",Neutral
"Super intuitive software design, love using it!",Positive
"Item came broken inside damaged shipping box.",Negative
"Writing weekly project summary report for team.",Neutral
"Very happy with new features added recently!",Positive
"Support ticket closed without resolving my issue.",Negative
"Checking weather report for tomorrow morning walk.",Neutral
"Delighted with overall quality and fast delivery!",Positive
"Order canceled unexpectedly without reason or notification.",Negative
"Taking coffee break at workstation desk area.",Neutral
"Awesome quality and very fast shipping speed!",Positive
"App crashes constantly when saving new changes.",Negative
"Reviewing project code pull request on GitHub.",Neutral
"Incredible service! Staff went out of way.",Positive
"Refund process is extremely tedious and slow.",Negative
"Walking dog around block in neighborhood park.",Neutral
"Great product design, sleek and easy use!",Positive
"Support agent was unhelpful and closed chat.",Negative
"Setting calendar reminders for upcoming project tasks.",Neutral
"Highly satisfied with customer support resolution time!",Positive
"Billing charge occurred twice on my card.",Negative
"Taking notes during afternoon team strategy meeting.",Neutral
"Super fast shipping and product works great!",Positive
"Package lost during shipment process no update.",Negative
"Drinking tea while working on laptop computer.",Neutral
"Loved the packaging and fast delivery speed!",Positive
"Constant popup ads make application unusable today.",Negative
"Having lunch at nearby cafe with colleagues.",Neutral
"Fantastic product! Exceeded my expectations by far.",Positive
"Account suspended without notice or explanation provided.",Negative
"Checking train schedule for upcoming weekend trip.",Neutral
"Delighted with purchase, works exactly as described!",Positive
"Product material feels low quality and cheap.",Negative
"Organizing desktop shortcuts and folder file layout.",Neutral
"Awesome customer service! Solved my problem fast.",Positive
"Support tickets take weeks to receive answer.",Negative
"Writing summary notes after client phone call.",Neutral
"Super helpful support staff! Resolved everything instantly.",Positive
"App update completely broke basic search functionality.",Negative
"Taking short walk around block during lunch.",Neutral
"Incredible quality! Very satisfied with my purchase.",Positive
"Customer care phone line was busy for hours.",Negative
"Checking flight prices for upcoming holiday travel.",Neutral
"Very happy with product quality and speed!",Positive
"Product broke on very first day use.",Negative
"Setting up calendar events for next week.",Neutral
"Highly recommend! Everything went smoothly as expected.",Positive
"Refund taking over month to be processed.",Negative
"Taking notes during team weekly status update.",Neutral
"Loved the fast shipping and top quality item!",Positive
"App UI updated but became very clunky.",Negative
"Reviewing project roadmap for next few quarters.",Neutral
"Great service, polite staff and fast shipping!",Positive
"Customer support ignored my message for days.",Negative
"Walking dog in neighborhood park on sunny day.",Neutral
"Super intuitive UI, easy to use daily!",Positive
"System error wiped my saved user preferences.",Negative
"Checking weather report for weekend outdoor plans.",Neutral
"Delighted with overall quality and fast response!",Positive
"Item delivered was damaged inside box package.",Negative
"Taking short stretch break away from desk.",Neutral
"Fantastic product design and sleek modern aesthetic!",Positive
"Customer service representative was extremely rude today.",Negative
"Organizing digital photos into categorized subfolders today.",Neutral
"Awesome support team, solved my issue fast!",Positive
"Frequent server outages make service unusable today.",Negative
"Having morning coffee while reviewing daily tasks.",Neutral
"Incredible performance and beautiful user interface overall!",Positive
"Support agent was unhelpful and closed ticket.",Negative
"Writing task list for tomorrow morning goals.",Neutral
"Highly satisfied with overall service experience today!",Positive
"Order status stuck on processing for weeks.",Negative
"Taking coffee break at office desk workstation.",Neutral
"Super fast delivery and item works perfectly!",Positive
"App crashes every time I open settings tab.",Negative
"Checking train schedule for evening commute home.",Neutral
"Loved how easy setup process was overall!",Positive
"Product quality far below what was promised.",Negative
"Cleaning out workspace desk drawers and organize.",Neutral
"Very pleased with purchase, fast delivery time!",Positive
"Billing error charged my card twice today.",Negative
"Reviewing meeting agenda before joining video call.",Neutral
"Delighted with service! Fast, reliable, and friendly.",Positive
"App drains phone battery super fast overnight.",Negative
"Taking notes during morning standup team meeting.",Neutral
"Great purchase! High quality and fast delivery.",Positive
"Customer care line hung up while waiting.",Negative
"Drinking tea while reading book chapter evening.",Neutral
"Awesome service, fast delivery and top quality!",Positive
"App UI design is confusing and hard navigate.",Negative
"Setting up workspace desk layout setup.",Neutral
"Super smooth performance and beautiful UI design!",Positive
"Payment deducted twice but order was canceled.",Negative
"Having lunch with team members at cafe.",Neutral
"Incredible quality for such an affordable price!",Positive
"Constant server lag makes application unusable today.",Negative
"Reading tech news blog during morning commute.",Neutral
"Highly recommend this company! Excellent customer service.",Positive
"Item delivered was completely wrong model product.",Negative
"Taking short walk around neighborhood during lunch.",Neutral
"Loved the new user interface redesign update!",Positive
"Customer support ignored my email for days.",Negative
"Checking flight schedules for summer vacation plans.",Neutral
"Fantastic tool! Saves so much time daily.",Positive
"Account locked out for no clear reason.",Negative
"Organizing project files in cloud drive folders.",Neutral
"Super intuitive software design, love using it!",Positive
"Product broke down after just two days.",Negative
"Writing weekly project summary report for team.",Neutral
"Very happy with new features added recently!",Positive
"Customer care refused to accept return request.",Negative
"Checking weather report for tomorrow morning walk.",Neutral
"Delighted with overall quality and fast delivery!",Positive
"Item came broken inside damaged shipping box.",Negative
"Taking coffee break at workstation desk area.",Neutral
"Awesome quality and very fast shipping speed!",Positive
"Support ticket closed without resolving my issue.",Negative
"Reviewing project code pull request on GitHub.",Neutral
"Incredible service! Staff went out of way.",Positive
"Order canceled unexpectedly without reason or notification.",Negative
"Walking dog around block in neighborhood park.",Neutral
"Great product design, sleek and easy use!",Positive
"App crashes constantly when saving new changes.",Negative
"Setting calendar reminders for upcoming project tasks.",Neutral
"Highly satisfied with customer support resolution time!",Positive
"Refund process is extremely tedious and slow.",Negative
"Taking notes during afternoon team strategy meeting.",Neutral
"Super fast shipping and product works great!",Positive
"Support agent was unhelpful and closed chat.",Negative
"Drinking tea while working on laptop computer.",Neutral
"Loved the packaging and fast delivery speed!",Positive
"Billing charge occurred twice on my card.",Negative
"Having lunch at nearby cafe with colleagues.",Neutral
"Fantastic product! Exceeded my expectations by far.",Positive
"Package lost during shipment process no update.",Negative
"Checking train schedule for upcoming weekend trip.",Neutral
"Delighted with purchase, works exactly as described!",Positive
"Constant popup ads make application unusable today.",Negative
"Organizing desktop shortcuts and folder file layout.",Neutral
"Awesome customer service! Solved my problem fast.",Positive
"Account suspended without notice or explanation provided.",Negative
"Writing summary notes after client phone call.",Neutral
"Super helpful support staff! Resolved everything instantly.",Positive
"Product material feels low quality and cheap.",Negative
"Taking short walk around block during lunch.",Neutral
"Incredible quality! Very satisfied with my purchase.",Positive
"Support tickets take weeks to receive answer.",Negative
"Checking flight prices for upcoming holiday travel.",Neutral
"Very happy with product quality and speed!",Positive
"App update completely broke basic search functionality.",Negative
"Setting up calendar events for next week.",Neutral
"Highly recommend! Everything went smoothly as expected.",Positive
"Customer care phone line was busy for hours.",Negative
"Taking notes during team weekly status update.",Neutral
"Loved the fast shipping and top quality item!",Positive
"Product broke on very first day use.",Negative
"Reviewing project roadmap for next few quarters.",Neutral
"Great service, polite staff and fast shipping!",Positive
"Refund taking over month to be processed.",Negative
"Walking dog in neighborhood park on sunny day.",Neutral
"Super intuitive UI, easy to use daily!",Positive
"App UI updated but became very clunky.",Negative
"Checking weather report for weekend outdoor plans.",Neutral
"Delighted with overall quality and fast response!",Positive
"Customer support ignored my message for days.",Negative
"Taking short stretch break away from desk.",Neutral
"Fantastic product design and sleek modern aesthetic!",Positive
"System error wiped my saved user preferences.",Negative
"Organizing digital photos into categorized subfolders today.",Neutral
"Awesome support team, solved my issue fast!",Positive
"Item delivered was damaged inside box package.",Negative
"Having morning coffee while reviewing daily tasks.",Neutral
"Incredible performance and beautiful user interface overall!",Positive
"Customer service representative was extremely rude today.",Negative
"Writing task list for tomorrow morning goals.",Neutral
"Highly satisfied with overall service experience today!",Positive
"Frequent server outages make service unusable today.",Negative
"Taking coffee break at office desk workstation.",Neutral
"Super fast delivery and item works perfectly!",Positive
"Support agent was unhelpful and closed ticket.",Negative
"Checking train schedule for evening commute home.",Neutral
"Loved how easy setup process was overall!",Positive
"Order status stuck on processing for weeks.",Negative
"Cleaning out workspace desk drawers and organize.",Neutral
"Very pleased with purchase, fast delivery time!",Positive
"App crashes every time I open settings tab.",Negative
"Reviewing meeting agenda before joining video call.",Neutral
"Delighted with service! Fast, reliable, and friendly.",Positive
"Product quality far below what was promised.",Negative
"Taking notes during morning standup team meeting.",Neutral
"Great purchase! High quality and fast delivery.",Positive
"Billing error charged my card twice today.",Negative
"Drinking tea while reading book chapter evening.",Neutral
"Awesome service, fast delivery and top quality!",Positive
"App drains phone battery super fast overnight.",Negative
"Setting up workspace desk layout setup.",Neutral
"Super smooth performance and beautiful UI design!",Positive
"Customer care line hung up while waiting.",Negative
"Having lunch with team members at cafe.",Neutral
"Incredible quality for such an affordable price!",Positive
"App UI design is confusing and hard navigate.",Negative
"Reading tech news blog during morning commute.",Neutral
"Highly recommend this company! Excellent customer service.",Positive
"Payment deducted twice but order was canceled.",Negative
"Taking short walk around neighborhood during lunch.",Neutral
"Loved the new user interface redesign update!",Positive
"Constant server lag makes application unusable today.",Negative
"Checking flight schedules for summer vacation plans.",Neutral
"Fantastic tool! Saves so much time daily.",Positive
"Item delivered was completely wrong model product.",Negative
"Organizing project files in cloud drive folders.",Neutral
"Super intuitive software design, love using it!",Positive
"Customer support ignored my email for days.",Negative
"Writing weekly project summary report for team.",Neutral
"Very happy with new features added recently!",Positive
"Account locked out for no clear reason.",Negative
"Checking weather report for tomorrow morning walk.",Neutral
"Delighted with overall quality and fast delivery!",Positive
"Product broke down after just two days.",Negative
"Taking coffee break at workstation desk area.",Neutral
"Awesome quality and very fast shipping speed!",Positive
"Customer care refused to accept return request.",Negative
"Reviewing project code pull request on GitHub.",Neutral
"Incredible service! Staff went out of way.",Positive
"Item came broken inside damaged shipping box.",Negative
"Walking dog around block in neighborhood park.",Neutral
"Great product design, sleek and easy use!",Positive
"Support ticket closed without resolving my issue.",Negative
"Setting calendar reminders for upcoming project tasks.",Neutral
"Highly satisfied with customer support resolution time!",Positive
"Order canceled unexpectedly without reason or notification.",Negative
"Taking notes during afternoon team strategy meeting.",Neutral
"Super fast shipping and product works great!",Positive
"App crashes constantly when saving new changes.",Negative
"Drinking tea while working on laptop computer.",Neutral
"Loved the packaging and fast delivery speed!",Positive
"Refund process is extremely tedious and slow.",Negative
"Having lunch at nearby cafe with colleagues.",Neutral
"Fantastic product! Exceeded my expectations by far.",Positive
"Support agent was unhelpful and closed chat.",Negative
"Checking train schedule for upcoming weekend trip.",Neutral
"Delighted with purchase, works exactly as described!",Positive
"Billing charge occurred twice on my card.",Negative
"Organizing desktop shortcuts and folder file layout.",Neutral
"Awesome customer service! Solved my problem fast.",Positive
"Package lost during shipment process no update.",Negative
"Writing summary notes after client phone call.",Neutral
"Super helpful support staff! Resolved everything instantly.",Positive
"Constant popup ads make application unusable today.",Negative
"Taking short walk around block during lunch.",Neutral
"Incredible quality! Very satisfied with my purchase.",Positive
"Account suspended without notice or explanation provided.",Negative
"Checking flight prices for upcoming holiday travel.",Neutral
"Very happy with product quality and speed!",Positive
"Product material feels low quality and cheap.",Negative
"Setting up calendar events for next week.",Neutral
"Highly recommend! Everything went smoothly as expected.",Positive
"Support tickets take weeks to receive answer.",Negative
"Taking notes during team weekly status update.",Neutral
"Loved the fast shipping and top quality item!",Positive
"App update completely broke basic search functionality.",Negative
"Reviewing project roadmap for next few quarters.",Neutral
"Great service, polite staff and fast shipping!",Positive
"Customer care phone line was busy for hours.",Negative
"Walking dog in neighborhood park on sunny day.",Neutral
"Super intuitive UI, easy to use daily!",Positive
"Product broke on very first day use.",Negative
"Checking weather report for weekend outdoor plans.",Neutral
"Delighted with overall quality and fast response!",Positive
"Refund taking over month to be processed.",Negative
"Taking short stretch break away from desk.",Neutral
"Fantastic product design and sleek modern aesthetic!",Positive
"App UI updated but became very clunky.",Negative
"Organizing digital photos into categorized subfolders today.",Neutral
"Awesome support team, solved my issue fast!",Positive
"Customer support ignored my message for days.",Negative
"Having morning coffee while reviewing daily tasks.",Neutral
"Incredible performance and beautiful user interface overall!",Positive
"System error wiped my saved user preferences.",Negative
"Writing task list for tomorrow morning goals.",Neutral
"Highly satisfied with overall service experience today!",Positive
"Item delivered was damaged inside box package.",Negative
"Taking coffee break at office desk workstation.",Neutral
"Super fast delivery and item works perfectly!",Positive
"Customer service representative was extremely rude today.",Negative
"Checking train schedule for evening commute home.",Neutral
"Loved how easy setup process was overall!",Positive
"Frequent server outages make service unusable today.",Negative
"Cleaning out workspace desk drawers and organize.",Neutral
"Very pleased with purchase, fast delivery time!",Positive
"Support agent was unhelpful and closed ticket.",Negative
"Reviewing meeting agenda before joining video call.",Neutral
"Delighted with service! Fast, reliable, and friendly.",Positive
"Order status stuck on processing for weeks.",Negative
"Taking notes during morning standup team meeting.",Neutral
"Great purchase! High quality and fast delivery.",Positive
"App crashes every time I open settings tab.",Negative
"Drinking tea while reading book chapter evening.",Neutral
"Awesome service, fast delivery and top quality!",Positive
"Product quality far below what was promised.",Negative
"Setting up workspace desk layout setup.",Neutral
"Super smooth performance and beautiful UI design!",Positive
"Billing error charged my card twice today.",Negative
"Having lunch with team members at cafe.",Neutral
"Incredible quality for such an affordable price!",Positive
"App drains phone battery super fast overnight.",Negative
"Reading tech news blog during morning commute.",Neutral
"Highly recommend this company! Excellent customer service.",Positive
"Customer care line hung up while waiting.",Negative
"Taking short walk around neighborhood during lunch.",Neutral
"Loved the new user interface redesign update!",Positive
"App UI design is confusing and hard navigate.",Negative
"Checking flight schedules for summer vacation plans.",Neutral
"Fantastic tool! Saves so much time daily.",Positive
"Payment deducted twice but order was canceled.",Negative
"Organizing project files in cloud drive folders.",Neutral
"Super intuitive software design, love using it!",Positive
"Constant server lag makes application unusable today.",Negative
"Writing weekly project summary report for team.",Neutral
"Very happy with new features added recently!",Positive
"Item delivered was completely wrong model product.",Negative
"Checking weather report for tomorrow morning walk.",Neutral
"Delighted with overall quality and fast delivery!",Positive
"Customer support ignored my email for days.",Negative
"Taking coffee break at workstation desk area.",Neutral
"Awesome quality and very fast shipping speed!",Positive
"Account locked out for no clear reason.",Negative
"Reviewing project code pull request on GitHub.",Neutral
"Incredible service! Staff went out of way.",Positive
"Product broke down after just two days.",Negative
"Walking dog around block in neighborhood park.",Neutral
"Great product design, sleek and easy use!",Positive
"Customer care refused to accept return request.",Negative
"Setting calendar reminders for upcoming project tasks.",Neutral
"Highly satisfied with customer support resolution time!",Positive
"Item came broken inside damaged shipping box.",Negative
"Taking notes during afternoon team strategy meeting.",Neutral
"Super fast shipping and product works great!",Positive
"Support ticket closed without resolving my issue.",Negative
"Drinking tea while working on laptop computer.",Neutral
"Loved the packaging and fast delivery speed!",Positive
"Order canceled unexpectedly without reason or notification.",Negative
"Having lunch at nearby cafe with colleagues.",Neutral
"Fantastic product! Exceeded my expectations by far.",Positive
"App crashes constantly when saving new changes.",Negative
"Checking train schedule for upcoming weekend trip.",Neutral
"Delighted with purchase, works exactly as described!",Positive
"Refund process is extremely tedious and slow.",Negative
"Organizing desktop shortcuts and folder file layout.",Neutral
"Awesome customer service! Solved my problem fast.",Positive
"Support agent was unhelpful and closed chat.",Negative
"Writing summary notes after client phone call.",Neutral
"Super helpful support staff! Resolved everything instantly.",Positive
"Billing charge occurred twice on my card.",Negative
"Taking short walk around block during lunch.",Neutral
"Incredible quality! Very satisfied with my purchase.",Positive
"Package lost during shipment process no update.",Negative
"Checking flight prices for upcoming holiday travel.",Neutral
"Very happy with product quality and speed!",Positive
"Constant popup ads make application unusable today.",Negative
"Setting up calendar events for next week.",Neutral
"Highly recommend! Everything went smoothly as expected.",Positive
"Account suspended without notice or explanation provided.",Negative
"Taking notes during team weekly status update.",Neutral
"Loved the fast shipping and top quality item!",Positive
"Product material feels low quality and cheap.",Negative
"Reviewing project roadmap for next few quarters.",Neutral
"Great service, polite staff and fast shipping!",Positive
"Support tickets take weeks to receive answer.",Negative
"Walking dog in neighborhood park on sunny day.",Neutral
"Super intuitive UI, easy to use daily!",Positive
"App update completely broke basic search functionality.",Negative
"Checking weather report for weekend outdoor plans.",Neutral
"Delighted with overall quality and fast response!",Positive
"Customer care phone line was busy for hours.",Negative
"Taking short stretch break away from desk.",Neutral
"Fantastic product design and sleek modern aesthetic!",Positive
"Product broke on very first day use.",Negative
"Organizing digital photos into categorized subfolders today.",Neutral
"Awesome support team, solved my issue fast!",Positive
"Refund taking over month to be processed.",Negative
"Having morning coffee while reviewing daily tasks.",Neutral
"Incredible performance and beautiful user interface overall!",Positive
"App UI updated but became very clunky.",Negative
"Writing task list for tomorrow morning goals.",Neutral
"Highly satisfied with overall service experience today!",Positive
"Customer support ignored my message for days.",Negative
"Taking coffee break at office desk workstation.",Neutral
"Super fast delivery and item works perfectly!",Positive
"System error wiped my saved user preferences.",Negative
"Checking train schedule for evening commute home.",Neutral
"Loved how easy setup process was overall!",Positive
"Item delivered was damaged inside box package.",Negative
"Cleaning out workspace desk drawers and organize.",Neutral
"Very pleased with purchase, fast delivery time!",Positive
"Customer service representative was extremely rude today.",Negative
"Reviewing meeting agenda before joining video call.",Neutral
"Delighted with service! Fast, reliable, and friendly.",Positive
"Frequent server outages make service unusable today.",Negative
"Taking notes during morning standup team meeting.",Neutral
"Great purchase! High quality and fast delivery.",Positive
"Support agent was unhelpful and closed ticket.",Negative
"Drinking tea while reading book chapter evening.",Neutral
"Awesome service, fast delivery and top quality!",Positive
"Order status stuck on processing for weeks.",Negative
"Setting up workspace desk layout setup.",Neutral
"Super smooth performance and beautiful UI design!",Positive
"App crashes every time I open settings tab.",Negative
"Having lunch with team members at cafe.",Neutral
"Incredible quality for such an affordable price!",Positive
"Product quality far below what was promised.",Negative
"Reading tech news blog during morning commute.",Neutral
"Highly recommend this company! Excellent customer service.",Positive
"Billing error charged my card twice today.",Negative
"Taking short walk around neighborhood during lunch.",Neutral
"Loved the new user interface redesign update!",Positive
"App drains phone battery super fast overnight.",Negative
"Checking flight schedules for summer vacation plans.",Neutral
"Fantastic tool! Saves so much time daily.",Positive
"Customer care line hung up while waiting.",Negative
"Organizing project files in cloud drive folders.",Neutral
"Super intuitive software design, love using it!",Positive
"App UI design is confusing and hard navigate.",Negative
"Writing weekly project summary report for team.",Neutral
"Very happy with new features added recently!",Positive
"Payment deducted twice but order was canceled.",Negative
"Checking weather report for tomorrow morning walk.",Neutral
"Delighted with overall quality and fast delivery!",Positive
"Constant server lag makes application unusable today.",Negative
"Taking coffee break at workstation desk area.",Neutral
"Awesome quality and very fast shipping speed!",Positive
"Item delivered was completely wrong model product.",Negative
"Reviewing project code pull request on GitHub.",Neutral
"Incredible service! Staff went out of way.",Positive
"Customer support ignored my email for days.",Negative
"Walking dog around block in neighborhood park.",Neutral
"Great product design, sleek and easy use!",Positive
"Account locked out for no clear reason.",Negative
"Setting calendar reminders for upcoming project tasks.",Neutral
"Highly satisfied with customer support resolution time!",Positive
"Product broke down after just two days.",Negative
"Taking notes during afternoon team strategy meeting.",Neutral
"Super fast shipping and product works great!",Positive
"Customer care refused to accept return request.",Negative
"Drinking tea while working on laptop computer.",Neutral
"Loved the packaging and fast delivery speed!",Positive
"Item came broken inside damaged shipping box.",Negative
"Having lunch at nearby cafe with colleagues.",Neutral
"Fantastic product! Exceeded my expectations by far.",Positive
"Support ticket closed without resolving my issue.",Negative
"Checking train schedule for upcoming weekend trip.",Neutral
"Delighted with purchase, works exactly as described!",Positive
"Order canceled unexpectedly without reason or notification.",Negative
"Organizing desktop shortcuts and folder file layout.",Neutral
"Awesome customer service! Solved my problem fast.",Positive
"App crashes constantly when saving new changes.",Negative
"Writing summary notes after client phone call.",Neutral
"Super helpful support staff! Resolved everything instantly.",Positive
"Refund process is extremely tedious and slow.",Negative
"Taking short walk around block during lunch.",Neutral
"Incredible quality! Very satisfied with my purchase.",Positive
"Support agent was unhelpful and closed chat.",Negative
"Checking flight prices for upcoming holiday travel.",Neutral
"Very happy with product quality and speed!",Positive
"Billing charge occurred twice on my card.",Negative
"Setting up calendar events for next week.",Neutral
"Highly recommend! Everything went smoothly as expected.",Positive
"Package lost during shipment process no update.",Negative
"Taking notes during team weekly status update.",Neutral
"Loved the fast shipping and top quality item!",Positive
"Constant popup ads make application unusable today.",Negative
"Reviewing project roadmap for next few quarters.",Neutral
"Great service, polite staff and fast shipping!",Positive
"Account suspended without notice or explanation provided.",Negative
"Walking dog in neighborhood park on sunny day.",Neutral
"Super intuitive UI, easy to use daily!",Positive
"Product material feels low quality and cheap.",Negative
"Checking weather report for weekend outdoor plans.",Neutral
"Delighted with overall quality and fast response!",Positive
"Support tickets take weeks to receive answer.",Negative
"Taking short stretch break away from desk.",Neutral
"Fantastic product design and sleek modern aesthetic!",Positive
"App update completely broke basic search functionality.",Negative
"Organizing digital photos into categorized subfolders today.",Neutral
"Awesome support team, solved my issue fast!",Positive
"Customer care phone line was busy for hours.",Negative
"Having morning coffee while reviewing daily tasks.",Neutral
"Incredible performance and beautiful user interface overall!",Positive
"Product broke on very first day use.",Negative
"Writing task list for tomorrow morning goals.",Neutral
"Highly satisfied with overall service experience today!",Positive
"Refund taking over month to be processed.",Negative
"Taking coffee break at office desk workstation.",Neutral
"Super fast delivery and item works perfectly!",Positive
"App UI updated but became very clunky.",Negative
"Checking train schedule for evening commute home.",Neutral
"Loved how easy setup process was overall!",Positive
"Customer support ignored my message for days.",Negative
"Cleaning out workspace desk drawers and organize.",Neutral
"Very pleased with purchase, fast delivery time!",Positive
"System error wiped my saved user preferences.",Negative
"Reviewing meeting agenda before joining video call.",Neutral
"Delighted with service! Fast, reliable, and friendly.",Positive
"Item delivered was damaged inside box package.",Negative
"Taking notes during morning standup team meeting.",Neutral
"Great purchase! High quality and fast delivery.",Positive
"Customer service representative was extremely rude today.",Negative
"Drinking tea while reading book chapter evening.",Neutral
"Awesome service, fast delivery and top quality!",Positive
"Frequent server outages make service unusable today.",Negative
"Setting up workspace desk layout setup.",Neutral
"Super smooth performance and beautiful UI design!",Positive
"Support agent was unhelpful and closed ticket.",Negative
"Having lunch with team members at cafe.",Neutral
"Incredible quality for such an affordable price!",Positive
"Order status stuck on processing for weeks.",Negative
"Reading tech news blog during morning commute.",Neutral
"Highly recommend this company! Excellent customer service.",Positive
"App crashes every time I open settings tab.",Negative
"Taking short walk around neighborhood during lunch.",Neutral
"Loved the new user interface redesign update!",Positive
"Product quality far below what was promised.",Negative
"Checking flight schedules for summer vacation plans.",Neutral
"Fantastic tool! Saves so much time daily.",Positive
"Billing error charged my card twice today.",Negative
"Organizing project files in cloud drive folders.",Neutral
"Super intuitive software design, love using it!",Positive
"App drains phone battery super fast overnight.",Negative
"Writing weekly project summary report for team.",Neutral
"Very happy with new features added recently!",Positive
"Customer care line hung up while waiting.",Negative
"Checking weather report for tomorrow morning walk.",Neutral
"Delighted with overall quality and fast delivery!",Positive
"App UI design is confusing and hard navigate.",Negative
"Taking coffee break at workstation desk area.",Neutral
"Awesome quality and very fast shipping speed!",Positive
"Payment deducted twice but order was canceled.",Negative
"Reviewing project code pull request on GitHub.",Neutral
"Incredible service! Staff went out of way.",Positive
"Constant server lag makes application unusable today.",Negative
"Walking dog around block in neighborhood park.",Neutral
"Great product design, sleek and easy use!",Positive
"Item delivered was completely wrong model product.",Negative
"Setting calendar reminders for upcoming project tasks.",Neutral
"Highly satisfied with customer support resolution time!",Positive
"Customer support ignored my email for days.",Negative
"Taking notes during afternoon team strategy meeting.",Neutral
"Super fast shipping and product works great!",Positive
"Account locked out for no clear reason.",Negative
"Drinking tea while working on laptop computer.",Neutral
"Loved the packaging and fast delivery speed!",Positive
"Product broke down after just two days.",Negative
"Having lunch at nearby cafe with colleagues.",Neutral
"Fantastic product! Exceeded my expectations by far.",Positive
"Customer care refused to accept return request.",Negative
"Checking train schedule for upcoming weekend trip.",Neutral
"Delighted with purchase, works exactly as described!",Positive
"Item came broken inside damaged shipping box.",Negative
"Organizing desktop shortcuts and folder file layout.",Neutral
"Awesome customer service! Solved my problem fast.",Positive
"Support ticket closed without resolving my issue.",Negative
"Writing summary notes after client phone call.",Neutral
"Super helpful support staff! Resolved everything instantly.",Positive
"Order canceled unexpectedly without reason or notification.",Negative
"Taking short walk around block during lunch.",Neutral
"Incredible quality! Very satisfied with my purchase.",Positive
"App crashes constantly when saving new changes.",Negative
"Checking flight prices for upcoming holiday travel.",Neutral
"Very happy with product quality and speed!",Positive
"Refund process is extremely tedious and slow.",Negative
"Setting up calendar events for next week.",Neutral
"Highly recommend! Everything went smoothly as expected.",Positive
"Support agent was unhelpful and closed chat.",Negative
"Taking notes during team weekly status update.",Neutral
"Loved the fast shipping and top quality item!",Positive
"Billing charge occurred twice on my card.",Negative
"Reviewing project roadmap for next few quarters.",Neutral
"Great service, polite staff and fast shipping!",Positive
"Package lost during shipment process no update.",Negative
"Walking dog in neighborhood park on sunny day.",Neutral
"Super intuitive UI, easy to use daily!",Positive
"Constant popup ads make application unusable today.",Negative
"Checking weather report for weekend outdoor plans.",Neutral
"Delighted with overall quality and fast response!",Positive
"Account suspended without notice or explanation provided.",Negative
"Taking short stretch break away from desk.",Neutral
"Fantastic product design and sleek modern aesthetic!",Positive
"Product material feels low quality and cheap.",Negative
"Organizing digital photos into categorized subfolders today.",Neutral
"Awesome support team, solved my issue fast!",Positive
"Support tickets take weeks to receive answer.",Negative
"Having morning coffee while reviewing daily tasks.",Neutral
"Incredible performance and beautiful user interface overall!",Positive
"App update completely broke basic search functionality.",Negative
"Writing task list for tomorrow morning goals.",Neutral
"Highly satisfied with overall service experience today!",Positive
"Customer care phone line was busy for hours.",Negative
"Taking coffee break at office desk workstation.",Neutral
"Super fast delivery and item works perfectly!",Positive
"Product broke on very first day use.",Negative
"Checking train schedule for evening commute home.",Neutral
"Loved how easy setup process was overall!",Positive
"Refund taking over month to be processed.",Negative
"Cleaning out workspace desk drawers and organize.",Neutral
"Very pleased with purchase, fast delivery time!",Positive
"App UI updated but became very clunky.",Negative
"Reviewing meeting agenda before joining video call.",Neutral
"Delighted with service! Fast, reliable, and friendly.",Positive
"Customer support ignored my message for days.",Negative
"Taking notes during morning standup team meeting.",Neutral
"Great purchase! High quality and fast delivery.",Positive
"System error wiped my saved user preferences.",Negative
"Drinking tea while reading book chapter evening.",Neutral
"Awesome service, fast delivery and top quality!",Positive
"Item delivered was damaged inside box package.",Negative
"Setting up workspace desk layout setup.",Neutral
"Super smooth performance and beautiful UI design!",Positive
"Customer service representative was extremely rude today.",Negative
"Having lunch with team members at cafe.",Neutral
"Incredible quality for such an affordable price!",Positive
"Frequent server outages make service unusable today.",Negative
"Reading tech news blog during morning commute.",Neutral
"Highly recommend this company! Excellent customer service.",Positive
"Support agent was unhelpful and closed ticket.",Negative
"Taking short walk around neighborhood during lunch.",Neutral
"Loved the new user interface redesign update!",Positive
"Order status stuck on processing for weeks.",Negative
"Checking flight schedules for summer vacation plans.",Neutral
"Fantastic tool! Saves so much time daily.",Positive
"App crashes every time I open settings tab.",Negative
"Organizing project files in cloud drive folders.",Neutral
"Super intuitive software design, love using it!",Positive
"Product quality far below what was promised.",Negative
"Writing weekly project summary report for team.",Neutral
"Very happy with new features added recently!",Positive
"Billing error charged my card twice today.",Negative
"Checking weather report for tomorrow morning walk.",Neutral
"Delighted with overall quality and fast delivery!",Positive
"App drains phone battery super fast overnight.",Negative
"Taking coffee break at workstation desk area.",Neutral
"Awesome quality and very fast shipping speed!",Positive
"Customer care line hung up while waiting.",Negative
"Reviewing project code pull request on GitHub.",Neutral
"Incredible service! Staff went out of way.",Positive
"App UI design is confusing and hard navigate.",Negative
"Walking dog around block in neighborhood park.",Neutral
"Great product design, sleek and easy use!",Positive
"Payment deducted twice but order was canceled.",Negative
"Setting calendar reminders for upcoming project tasks.",Neutral
"Highly satisfied with customer support resolution time!",Positive
"Constant server lag makes application unusable today.",Negative
"Taking notes during afternoon team strategy meeting.",Neutral
"Super fast shipping and product works great!",Positive
"Item delivered was completely wrong model product.",Negative
"Drinking tea while working on laptop computer.",Neutral
"Loved the packaging and fast delivery speed!",Positive
"Customer support ignored my email for days.",Negative
"Having lunch at nearby cafe with colleagues.",Neutral
"Fantastic product! Exceeded my expectations by far.",Positive
"Account locked out for no clear reason.",Negative
"Checking train schedule for upcoming weekend trip.",Neutral
"Delighted with purchase, works exactly as described!",Positive
"Product broke down after just two days.",Negative
"Organizing desktop shortcuts and folder file layout.",Neutral
"Awesome customer service! Solved my problem fast.",Positive
"Customer care refused to accept return request.",Negative
"Writing summary notes after client phone call.",Neutral
"Super helpful support staff! Resolved everything instantly.",Positive
"Item came broken inside damaged shipping box.",Negative
"Taking short walk around block during lunch.",Neutral
"Incredible quality! Very satisfied with my purchase.",Positive
"Support ticket closed without resolving my issue.",Negative
"Checking flight prices for upcoming holiday travel.",Neutral
"Very happy with product quality and speed!",Positive
"Order canceled unexpectedly without reason or notification.",Negative
"Setting up calendar events for next week.",Neutral
"Highly recommend! Everything went smoothly as expected.",Positive
"App crashes constantly when saving new changes.",Negative
"Taking notes during team weekly status update.",Neutral
"Loved the fast shipping and top quality item!",Positive
"Refund process is extremely tedious and slow.",Negative
"Reviewing project roadmap for next few quarters.",Neutral
"Great service, polite staff and fast shipping!",Positive
"Support agent was unhelpful and closed chat.",Negative
"Walking dog in neighborhood park on sunny day.",Neutral
"Super intuitive UI, easy to use daily!",Positive
"Billing charge occurred twice on my card.",Negative
"Checking weather report for weekend outdoor plans.",Neutral
"Delighted with overall quality and fast response!",Positive
"Package lost during shipment process no update.",Negative
"Taking short stretch break away from desk.",Neutral
"Fantastic product design and sleek modern aesthetic!",Positive
"Constant popup ads make application unusable today.",Negative
"Organizing digital photos into categorized subfolders today.",Neutral
"Awesome support team, solved my issue fast!",Positive
"Account suspended without notice or explanation provided.",Negative
"Having morning coffee while reviewing daily tasks.",Neutral
"Incredible performance and beautiful user interface overall!",Positive
"Product material feels low quality and cheap.",Negative
"Writing task list for tomorrow morning goals.",Neutral
"Highly satisfied with overall service experience today!",Positive
"Support tickets take weeks to receive answer.",Negative
"Taking coffee break at office desk workstation.",Neutral
"Super fast delivery and item works perfectly!",Positive
"App update completely broke basic search functionality.",Negative
"Checking train schedule for evening commute home.",Neutral
"Loved how easy setup process was overall!",Positive
"Customer care phone line was busy for hours.",Negative
"Cleaning out workspace desk drawers and organize.",Neutral
"Very pleased with purchase, fast delivery time!",Positive
"Product broke on very first day use.",Negative
"Reviewing meeting agenda before joining video call.",Neutral
"Delighted with service! Fast, reliable, and friendly.",Positive
"Refund taking over month to be processed.",Negative
"Taking notes during morning standup team meeting.",Neutral
"Great purchase! High quality and fast delivery.",Positive
"App UI updated but became very clunky.",Negative
"Drinking tea while reading book chapter evening.",Neutral
"Awesome service, fast delivery and top quality!",Positive
"Customer support ignored my message for days.",Negative
"Setting up workspace desk layout setup.",Neutral
"Super smooth performance and beautiful UI design!",Positive
"System error wiped my saved user preferences.",Negative
"Having lunch with team members at cafe.",Neutral
"Incredible quality for such an affordable price!",Positive
"Item delivered was damaged inside box package.",Negative
"Reading tech news blog during morning commute.",Neutral
"Highly recommend this company! Excellent customer service.",Positive
"Customer service representative was extremely rude today.",Negative
"Taking short walk around neighborhood during lunch.",Neutral
"Loved the new user interface redesign update!",Positive
"Frequent server outages make service unusable today.",Negative
"Checking flight schedules for summer vacation plans.",Neutral
"Fantastic tool! Saves so much time daily.",Positive
"Support agent was unhelpful and closed ticket.",Negative
"Organizing project files in cloud drive folders.",Neutral
"Super intuitive software design, love using it!",Positive
"Order status stuck on processing for weeks.",Negative
"Writing weekly project summary report for team.",Neutral
"Very happy with new features added recently!",Positive
"App crashes every time I open settings tab.",Negative
"Checking weather report for tomorrow morning walk.",Neutral
"Delighted with overall quality and fast delivery!",Positive
"Product quality far below what was promised.",Negative
"Taking coffee break at workstation desk area.",Neutral
"Awesome quality and very fast shipping speed!",Positive
"Billing error charged my card twice today.",Negative
"Reviewing project code pull request on GitHub.",Neutral
"Incredible service! Staff went out of way.",Positive
"App drains phone battery super fast overnight.",Negative
"Walking dog around block in neighborhood park.",Neutral
"Great product design, sleek and easy use!",Positive
"Customer care line hung up while waiting.",Negative
"Setting calendar reminders for upcoming project tasks.",Neutral
"Highly satisfied with customer support resolution time!",Positive
"App UI design is confusing and hard navigate.",Negative
"Taking notes during afternoon team strategy meeting.",Neutral
"Super fast shipping and product works great!",Positive
"Payment deducted twice but order was canceled.",Negative
"Drinking tea while working on laptop computer.",Neutral
"Loved the packaging and fast delivery speed!",Positive
"Constant server lag makes application unusable today.",Negative
"Having lunch at nearby cafe with colleagues.",Neutral
"Fantastic product! Exceeded my expectations by far.",Positive
"Item delivered was completely wrong model product.",Negative
"Checking train schedule for upcoming weekend trip.",Neutral
"Delighted with purchase, works exactly as described!",Positive
"Customer support ignored my email for days.",Negative
"Organizing desktop shortcuts and folder file layout.",Neutral
"Awesome customer service! Solved my problem fast.",Positive
"Account locked out for no clear reason.",Negative
"Writing summary notes after client phone call.",Neutral
"Super helpful support staff! Resolved everything instantly.",Positive
"Product broke down after just two days.",Negative
"Taking short walk around block during lunch.",Neutral
"Incredible quality! Very satisfied with my purchase.",Positive
"Customer care refused to accept return request.",Negative
"Checking flight prices for upcoming holiday travel.",Neutral
"Very happy with product quality and speed!",Positive
"Item came broken inside damaged shipping box.",Negative
"Setting up calendar events for next week.",Neutral
"Highly recommend! Everything went smoothly as expected.",Positive
"Support ticket closed without resolving my issue.",Negative
"Taking notes during team weekly status update.",Neutral
"Loved the fast shipping and top quality item!",Positive
"Order canceled unexpectedly without reason or notification.",Negative
"Reviewing project roadmap for next few quarters.",Neutral
"Great service, polite staff and fast shipping!",Positive
"App crashes constantly when saving new changes.",Negative
"Walking dog in neighborhood park on sunny day.",Neutral
"Super intuitive UI, easy to use daily!",Positive
"Refund process is extremely tedious and slow.",Negative
"Checking weather report for weekend outdoor plans.",Neutral
"Delighted with overall quality and fast response!",Positive
"Support agent was unhelpful and closed chat.",Negative
"Taking short stretch break away from desk.",Neutral
"Fantastic product design and sleek modern aesthetic!",Positive
"Billing charge occurred twice on my card.",Negative
"Organizing digital photos into categorized subfolders today.",Neutral
"Awesome support team, solved my issue fast!",Positive
"Package lost during shipment process no update.",Negative
"Having morning coffee while reviewing daily tasks.",Neutral
"Incredible performance and beautiful user interface overall!",Positive
"Constant popup ads make application unusable today.",Negative
"Writing task list for tomorrow morning goals.",Neutral
"Highly satisfied with overall service experience today!",Positive
"Account suspended without notice or explanation provided.",Negative
"Taking coffee break at office desk workstation.",Neutral
"Super fast delivery and item works perfectly!",Positive
"Product material feels low quality and cheap.",Negative
"Checking train schedule for evening commute home.",Neutral
"Loved how easy setup process was overall!",Positive
"Support tickets take weeks to receive answer.",Negative
"Cleaning out workspace desk drawers and organize.",Neutral
"Very pleased with purchase, fast delivery time!",Positive
"App update completely broke basic search functionality.",Negative
"Reviewing meeting agenda before joining video call.",Neutral
"Delighted with service! Fast, reliable, and friendly.",Positive
"Customer care phone line was busy for hours.",Negative
"Taking notes during morning standup team meeting.",Neutral
"Great purchase! High quality and fast delivery.",Positive
"Product broke on very first day use.",Negative
"Drinking tea while reading book chapter evening.",Neutral
"Awesome service, fast delivery and top quality!",Positive
"Refund taking over month to be processed.",Negative
"Setting up workspace desk layout setup.",Neutral
"Super smooth performance and beautiful UI design!",Positive
"App UI updated but became very clunky.",Negative
"Having lunch with team members at cafe.",Neutral
"Incredible quality for such an affordable price!",Positive
"Customer support ignored my message for days.",Negative
"Reading tech news blog during morning commute.",Neutral
"Highly recommend this company! Excellent customer service.",Positive
"System error wiped my saved user preferences.",Negative
"Taking short walk around neighborhood during lunch.",Neutral
"Loved the new user interface redesign update!",Positive
"Item delivered was damaged inside box package.",Negative
"Checking flight schedules for summer vacation plans.",Neutral
"Fantastic tool! Saves so much time daily.",Positive
"Customer service representative was extremely rude today.",Negative
"Organizing project files in cloud drive folders.",Neutral
"Super intuitive software design, love using it!",Positive
"Frequent server outages make service unusable today.",Negative
"Writing weekly project summary report for team.",Neutral
"Very happy with new features added recently!",Positive
"Support agent was unhelpful and closed ticket.",Negative
"Checking weather report for tomorrow morning walk.",Neutral
"Delighted with overall quality and fast delivery!",Positive
"Order status stuck on processing for weeks.",Negative
"Taking coffee break at workstation desk area.",Neutral
"Awesome quality and very fast shipping speed!",Positive
"App crashes every time I open settings tab.",Negative
"Reviewing project code pull request on GitHub.",Neutral
"Incredible service! Staff went out of way.",Positive
"Product quality far below what was promised.",Negative
"Walking dog around block in neighborhood park.",Neutral
"Great product design, sleek and easy use!",Positive
"Billing error charged my card twice today.",Negative
"Setting calendar reminders for upcoming project tasks.",Neutral
"Highly satisfied with customer support resolution time!",Positive
"App drains phone battery super fast overnight.",Negative
"Taking notes during afternoon team strategy meeting.",Neutral
"Super fast shipping and product works great!",Positive
"Customer care line hung up while waiting.",Negative
"Drinking tea while working on laptop computer.",Neutral
"Loved the packaging and fast delivery speed!",Positive
"App UI design is confusing and hard navigate.",Negative
"Having lunch at nearby cafe with colleagues.",Neutral
"Fantastic product! Exceeded my expectations by far.",Positive
"Payment deducted twice but order was canceled.",Negative
"Checking train schedule for upcoming weekend trip.",Neutral
"Delighted with purchase, works exactly as described!",Positive
"Constant server lag makes application unusable today.",Negative
"Organizing desktop shortcuts and folder file layout.",Neutral
"Awesome customer service! Solved my problem fast.",Positive
"Item delivered was completely wrong model product.",Negative
"Writing summary notes after client phone call.",Neutral
"Super helpful support staff! Resolved everything instantly.",Positive
"Customer support ignored my email for days.",Negative
"Taking short walk around block during lunch.",Neutral
"Incredible quality! Very satisfied with my purchase.",Positive
"Account locked out for no clear reason.",Negative
"Checking flight prices for upcoming holiday travel.",Neutral
"Very happy with product quality and speed!",Positive
"Product broke down after just two days.",Negative
"Setting up calendar events for next week.",Neutral
"Highly recommend! Everything went smoothly as expected.",Positive
"Customer care refused to accept return request.",Negative
"Taking notes during team weekly status update.",Neutral
"Loved the fast shipping and top quality item!",Positive
"Item came broken inside damaged shipping box.",Negative
"Reviewing project roadmap for next few quarters.",Neutral
"Great service, polite staff and fast shipping!",Positive
"Support ticket closed without resolving my issue.",Negative
"Walking dog in neighborhood park on sunny day.",Neutral
"Super intuitive UI, easy to use daily!",Positive
"Order canceled unexpectedly without reason or notification.",Negative
"Checking weather report for weekend outdoor plans.",Neutral
"Delighted with overall quality and fast response!",Positive
"App crashes constantly when saving new changes.",Negative
"Taking short stretch break away from desk.",Neutral
"Fantastic product design and sleek modern aesthetic!",Positive
"Refund process is extremely tedious and slow.",Negative
"Organizing digital photos into categorized subfolders today.",Neutral
"Awesome support team, solved my issue fast!",Positive
"Support agent was unhelpful and closed chat.",Negative
"Having morning coffee while reviewing daily tasks.",Neutral
"Incredible performance and beautiful user interface overall!",Positive
"Billing charge occurred twice on my card.",Negative
"Writing task list for tomorrow morning goals.",Neutral
"Highly satisfied with overall service experience today!",Positive
"Package lost during shipment process no update.",Negative
"Taking coffee break at office desk workstation.",Neutral
"Super fast delivery and item works perfectly!",Positive
"Constant popup ads make application unusable today.",Negative
"Checking train schedule for evening commute home.",Neutral
"Loved how easy setup process was overall!",Positive
"Account suspended without notice or explanation provided.",Negative
"Cleaning out workspace desk drawers and organize.",Neutral
"Very pleased with purchase, fast delivery time!",Positive
"Product material feels low quality and cheap.",Negative
"Reviewing meeting agenda before joining video call.",Neutral
"Delighted with service! Fast, reliable, and friendly.",Positive
"Support tickets take weeks to receive answer.",Negative
"Taking notes during morning standup team meeting.",Neutral
"Great purchase! High quality and fast delivery.",Positive
"App update completely broke basic search functionality.",Negative
"Drinking tea while reading book chapter evening.",Neutral
"Awesome service, fast delivery and top quality!",Positive
"Customer care phone line was busy for hours.",Negative
"Setting up workspace desk layout setup.",Neutral
"Super smooth performance and beautiful UI design!",Positive
"Product broke on very first day use.",Negative
"Having lunch with team members at cafe.",Neutral
"Incredible quality for such an affordable price!",Positive
"Refund taking over month to be processed.",Negative
"Reading tech news blog during morning commute.",Neutral
"Highly recommend this company! Excellent customer service.",Positive
"App UI updated but became very clunky.",Negative
"Taking short walk around neighborhood during lunch.",Neutral
"Loved the new user interface redesign update!",Positive
"Customer support ignored my message for days.",Negative
"Checking flight schedules for summer vacation plans.",Neutral
"Fantastic tool! Saves so much time daily.",Positive
"System error wiped my saved user preferences.",Negative
"Organizing project files in cloud drive folders.",Neutral
"Super intuitive software design, love using it!",Positive
"Item delivered was damaged inside box package.",Negative
"Writing weekly project summary report for team.",Neutral
"Very happy with new features added recently!",Positive
"Customer service representative was extremely rude today.",Negative
"Checking weather report for tomorrow morning walk.",Neutral
"Delighted with overall quality and fast delivery!",Positive
"Frequent server outages make service unusable today.",Negative
"Taking coffee break at workstation desk area.",Neutral
"Awesome quality and very fast shipping speed!",Positive
"Support agent was unhelpful and closed ticket.",Negative
"Reviewing project code pull request on GitHub.",Neutral
"Incredible service! Staff went out of way.",Positive
"Order status stuck on processing for weeks.",Negative
"Walking dog around block in neighborhood park.",Neutral
"Great product design, sleek and easy use!",Positive
"App crashes every time I open settings tab.",Negative
"Setting calendar reminders for upcoming project tasks.",Neutral
"Highly satisfied with customer support resolution time!",Positive
"Product quality far below what was promised.",Negative
"Taking notes during afternoon team strategy meeting.",Neutral
"Super fast shipping and product works great!",Positive
"Billing error charged my card twice today.",Negative
"Drinking tea while working on laptop computer.",Neutral
"Loved the packaging and fast delivery speed!",Positive
"App drains phone battery super fast overnight.",Negative
"Having lunch at nearby cafe with colleagues.",Neutral
"Fantastic product! Exceeded my expectations by far.",Positive
"Customer care line hung up while waiting.",Negative
"Checking train schedule for upcoming weekend trip.",Neutral
"Delighted with purchase, works exactly as described!",Positive
"App UI design is confusing and hard navigate.",Negative
"Organizing desktop shortcuts and folder file layout.",Neutral
"Awesome customer service! Solved my problem fast.",Positive
"Payment deducted twice but order was canceled.",Negative
"Writing summary notes after client phone call.",Neutral
"Super helpful support staff! Resolved everything instantly.",Positive
"Constant server lag makes application unusable today.",Negative
"Taking short walk around block during lunch.",Neutral
"Incredible quality! Very satisfied with my purchase.",Positive
"Item delivered was completely wrong model product.",Negative
"Checking flight prices for upcoming holiday travel.",Neutral
"Very happy with product quality and speed!",Positive
"Customer support ignored my email for days.",Negative
"Setting up calendar events for next week.",Neutral
"Highly recommend! Everything went smoothly as expected.",Positive
"Account locked out for no clear reason.",Negative
"Taking notes during team weekly status update.",Neutral
"Loved the fast shipping and top quality item!",Positive
"Product broke down after just two days.",Negative
"Reviewing project roadmap for next few quarters.",Neutral
"Great service, polite staff and fast shipping!",Positive
"Customer care refused to accept return request.",Negative
"Walking dog in neighborhood park on sunny day.",Neutral
"Super intuitive UI, easy to use daily!",Positive
"Item came broken inside damaged shipping box.",Negative
"Checking weather report for weekend outdoor plans.",Neutral
"Delighted with overall quality and fast response!",Positive
"Support ticket closed without resolving my issue.",Negative
"Taking short stretch break away from desk.",Neutral
"Fantastic product design and sleek modern aesthetic!",Positive
"Order canceled unexpectedly without reason or notification.",Negative
"Organizing digital photos into categorized subfolders today.",Neutral
"Awesome support team, solved my issue fast!",Positive
"App crashes constantly when saving new changes.",Negative
"Having morning coffee while reviewing daily tasks.",Neutral
"Incredible performance and beautiful user interface overall!",Positive
"Refund process is extremely tedious and slow.",Negative
"Writing task list for tomorrow morning goals.",Neutral
"Highly satisfied with overall service experience today!",Positive
"Support agent was unhelpful and closed chat.",Negative
"Taking coffee break at office desk workstation.",Neutral
"Super fast delivery and item works perfectly!",Positive
"Billing charge occurred twice on my card.",Negative
"Checking train schedule for evening commute home.",Neutral
"Loved how easy setup process was overall!",Positive
"Package lost during shipment process no update.",Negative
"Cleaning out workspace desk drawers and organize.",Neutral
"Very pleased with purchase, fast delivery time!",Positive
"Constant popup ads make application unusable today.",Negative
"Reviewing meeting agenda before joining video call.",Neutral
"Delighted with service! Fast, reliable, and friendly.",Positive
"Account suspended without notice or explanation provided.",Negative
"Taking notes during morning standup team meeting.",Neutral
"Great purchase! High quality and fast delivery.",Positive
"Product material feels low quality and cheap.",Negative
"Drinking tea while reading book chapter evening.",Neutral
"Awesome service, fast delivery and top quality!",Positive
"Support tickets take weeks to receive answer.",Negative
"Setting up workspace desk layout setup.",Neutral
"Super smooth performance and beautiful UI design!",Positive
"App update completely broke basic search functionality.",Negative
"Having lunch with team members at cafe.",Neutral
"Incredible quality for such an affordable price!",Positive
"Customer care phone line was busy for hours.",Negative
"Reading tech news blog during morning commute.",Neutral
"Highly recommend this company! Excellent customer service.",Positive
"Product broke on very first day use.",Negative
"Taking short walk around neighborhood during lunch.",Neutral
"Loved the new user interface redesign update!",Positive
"Refund taking over month to be processed.",Negative
"Checking flight schedules for summer vacation plans.",Neutral
"Fantastic tool! Saves so much time daily.",Positive
"App UI updated but became very clunky.",Negative
"Organizing project files in cloud drive folders.",Neutral
"Super intuitive software design, love using it!",Positive
"Customer support ignored my message for days.",Negative
"Writing weekly project summary report for team.",Neutral
"Very happy with new features added recently!",Positive
"System error wiped my saved user preferences.",Negative
"Checking weather report for tomorrow morning walk.",Neutral
"Delighted with overall quality and fast delivery!",Positive
"Item delivered was damaged inside box package.",Negative
"Taking coffee break at workstation desk area.",Neutral
"Awesome quality and very fast shipping speed!",Positive
"Customer service representative was extremely rude today.",Negative
"Reviewing project code pull request on GitHub.",Neutral
"Incredible service! Staff went out of way.",Positive
"Frequent server outages make service unusable today.",Negative
"Walking dog around block in neighborhood park.",Neutral
"Great product design, sleek and easy use!",Positive
"Support agent was unhelpful and closed ticket.",Negative
"Setting calendar reminders for upcoming project tasks.",Neutral
"Highly satisfied with customer support resolution time!",Positive
"Order status stuck on processing for weeks.",Negative
"Taking notes during afternoon team strategy meeting.",Neutral
"Super fast shipping and product works great!",Positive
"App crashes every time I open settings tab.",Negative
"Drinking tea while working on laptop computer.",Neutral
"Loved the packaging and fast delivery speed!",Positive
"Product quality far below what was promised.",Negative
"Having lunch at nearby cafe with colleagues.",Neutral
"Fantastic product! Exceeded my expectations by far.",Positive
"Billing error charged my card twice today.",Negative
"Checking train schedule for upcoming weekend trip.",Neutral
"Delighted with purchase, works exactly as described!",Positive
"App drains phone battery super fast overnight.",Negative
"Organizing desktop shortcuts and folder file layout.",Neutral
"Awesome customer service! Solved my problem fast.",Positive
"Customer care line hung up while waiting.",Negative
"Writing summary notes after client phone call.",Neutral
"Super helpful support staff! Resolved everything instantly.",Positive
"App UI design is confusing and hard navigate.",Negative
"Taking short walk around block during lunch.",Neutral
"Incredible quality! Very satisfied with my purchase.",Positive
"Payment deducted twice but order was canceled.",Negative
"Checking flight prices for upcoming holiday travel.",Neutral
"Very happy with product quality and speed!",Positive
"Constant server lag makes application unusable today.",Negative
"Setting up calendar events for next week.",Neutral
"Highly recommend! Everything went smoothly as expected.",Positive
"Item delivered was completely wrong model product.",Negative
"Taking notes during team weekly status update.",Neutral
"Loved the fast shipping and top quality item!",Positive
"Customer support ignored my email for days.",Negative
"Reviewing project roadmap for next few quarters.",Neutral
"Great service, polite staff and fast shipping!",Positive
"Account locked out for no clear reason.",Negative
"Walking dog in neighborhood park on sunny day.",Neutral
"Super intuitive UI, easy to use daily!",Positive
"Product broke down after just two days.",Negative
"Checking weather report for weekend outdoor plans.",Neutral
"Delighted with overall quality and fast response!",Positive
"Customer care refused to accept return request.",Negative
"Taking short stretch break away from desk.",Neutral
"Fantastic product design and sleek modern aesthetic!",Positive
"Item came broken inside damaged shipping box.",Negative
"Organizing digital photos into categorized subfolders today.",Neutral
"Awesome support team, solved my issue fast!",Positive
"Support ticket closed without resolving my issue.",Negative
"Having morning coffee while reviewing daily tasks.",Neutral
"Incredible performance and beautiful user interface overall!",Positive
"Order canceled unexpectedly without reason or notification.",Negative
"Writing task list for tomorrow morning goals.",Neutral
"Highly satisfied with overall service experience today!",Positive
"App crashes constantly when saving new changes.",Negative
"Taking coffee break at office desk workstation.",Neutral
"Super fast delivery and item works perfectly!",Positive
"Refund process is extremely tedious and slow.",Negative
"Checking train schedule for evening commute home.",Neutral
"Loved how easy setup process was overall!",Positive
"Support agent was unhelpful and closed chat.",Negative
"Cleaning out workspace desk drawers and organize.",Neutral
"Very pleased with purchase, fast delivery time!",Positive
"Billing charge occurred twice on my card.",Negative
"Reviewing meeting agenda before joining video call.",Neutral
"Delighted with service! Fast, reliable, and friendly.",Positive
"Package lost during shipment process no update.",Negative
"Taking notes during morning standup team meeting.",Neutral
"Great purchase! High quality and fast delivery.",Positive
"Constant popup ads make application unusable today.",Negative
"Drinking tea while reading book chapter evening.",Neutral
"Awesome service, fast delivery and top quality!",Positive
"Account suspended without notice or explanation provided.",Negative
"Setting up workspace desk layout setup.",Neutral
"Super smooth performance and beautiful UI design!",Positive
"Product material feels low quality and cheap.",Negative
"Having lunch with team members at cafe.",Neutral
"Incredible quality for such an affordable price!",Positive
"Support tickets take weeks to receive answer.",Negative
"Reading tech news blog during morning commute.",Neutral
"Highly recommend this company! Excellent customer service.",Positive
"App update completely broke basic search functionality.",Negative
"Taking short walk around neighborhood during lunch.",Neutral
"Loved the new user interface redesign update!",Positive
"Customer care phone line was busy for hours.",Negative
"Checking flight schedules for summer vacation plans.",Neutral
"Fantastic tool! Saves so much time daily.",Positive
"Product broke on very first day use.",Negative
"Organizing project files in cloud drive folders.",Neutral
"Super intuitive software design, love using it!",Positive
"Refund taking over month to be processed.",Negative
"Writing weekly project summary report for team.",Neutral
"Very happy with new features added recently!",Positive
"App UI updated but became very clunky.",Negative
"Checking weather report for tomorrow morning walk.",Neutral
"Delighted with overall quality and fast delivery!",Positive
"Customer support ignored my message for days.",Negative
"Taking coffee break at workstation desk area.",Neutral
"Awesome quality and very fast shipping speed!",Positive
"System error wiped my saved user preferences.",Negative
"Reviewing project code pull request on GitHub.",Neutral
"Incredible service! Staff went out of way.",Positive
"Item delivered was damaged inside box package.",Negative
"Walking dog around block in neighborhood park.",Neutral
"Great product design, sleek and easy use!",Positive
"Customer service representative was extremely rude today.",Negative
"Setting calendar reminders for upcoming project tasks.",Neutral
"Highly satisfied with customer support resolution time!",Positive
"Frequent server outages make service unusable today.",Negative
"Taking notes during afternoon team strategy meeting.",Neutral
"Super fast shipping and product works great!",Positive
"Support agent was unhelpful and closed ticket.",Negative
"Drinking tea while working on laptop computer.",Neutral
"Loved the packaging and fast delivery speed!",Positive
"Order status stuck on processing for weeks.",Negative
"Having lunch at nearby cafe with colleagues.",Neutral
"Fantastic product! Exceeded my expectations by far.",Positive
"App crashes every time I open settings tab.",Negative
"Checking train schedule for upcoming weekend trip.",Neutral
"Delighted with purchase, works exactly as described!",Positive
"Product quality far below what was promised.",Negative
"Organizing desktop shortcuts and folder file layout.",Neutral
"Awesome customer service! Solved my problem fast.",Positive
"Billing error charged my card twice today.",Negative
"Writing summary notes after client phone call.",Neutral
"Super helpful support staff! Resolved everything instantly.",Positive
"App drains phone battery super fast overnight.",Negative
"Taking short walk around block during lunch.",Neutral
"Incredible quality! Very satisfied with my purchase.",Positive
"Customer care line hung up while waiting.",Negative
"Checking flight prices for upcoming holiday travel.",Neutral
"Very happy with product quality and speed!",Positive
"App UI design is confusing and hard navigate.",Negative
"Setting up calendar events for next week.",Neutral
"Highly recommend! Everything went smoothly as expected.",Positive
"Payment deducted twice but order was canceled.",Negative
"Taking notes during team weekly status update.",Neutral
"Loved the fast shipping and top quality item!",Positive
"Constant server lag makes application unusable today.",Negative
"Reviewing project roadmap for next few quarters.",Neutral
"Great service, polite staff and fast shipping!",Positive
"Item delivered was completely wrong model product.",Negative
"Walking dog in neighborhood park on sunny day.",Neutral
"Super intuitive UI, easy to use daily!",Positive
"Customer support ignored my email for days.",Negative
"Checking weather report for weekend outdoor plans.",Neutral
"Delighted with overall quality and fast response!",Positive
"Account locked out for no clear reason.",Negative
"Taking short stretch break away from desk.",Neutral
"Fantastic product design and sleek modern aesthetic!",Positive
"Product broke down after just two days.",Negative
"Organizing digital photos into categorized subfolders today.",Neutral
"Awesome support team, solved my issue fast!",Positive
"Customer care refused to accept return request.",Negative
"Having morning coffee while reviewing daily tasks.",Neutral
"Incredible performance and beautiful user interface overall!",Positive
"Item came broken inside damaged shipping box.",Negative
"Writing task list for tomorrow morning goals.",Neutral
"Highly satisfied with overall service experience today!",Positive
"Support ticket closed without resolving my issue.",Negative
"Taking coffee break at office desk workstation.",Neutral
"Super fast delivery and item works perfectly!",Positive
"Order canceled unexpectedly without reason or notification.",Negative
"Checking train schedule for evening commute home.",Neutral
"Loved how easy setup process was overall!",Positive
"App crashes constantly when saving new changes.",Negative
"Cleaning out workspace desk drawers and organize.",Neutral
"Very pleased with purchase, fast delivery time!",Positive
"Refund process is extremely tedious and slow.",Negative
"Reviewing meeting agenda before joining video call.",Neutral
"Delighted with service! Fast, reliable, and friendly.",Positive
"Support agent was unhelpful and closed chat.",Negative
"Taking notes during morning standup team meeting.",Neutral
"Great purchase! High quality and fast delivery.",Positive
"Billing charge occurred twice on my card.",Negative
"Drinking tea while reading book chapter evening.",Neutral
"Awesome service, fast delivery and top quality!",Positive
"Package lost during shipment process no update.",Negative
"Setting up workspace desk layout setup.",Neutral
"Super smooth performance and beautiful UI design!",Positive
"Constant popup ads make application unusable today.",Negative
"Having lunch with team members at cafe.",Neutral
"Incredible quality for such an affordable price!",Positive
"Account suspended without notice or explanation provided.",Negative
"Reading tech news blog during morning commute.",Neutral
"Highly recommend this company! Excellent customer service.",Positive
"Product material feels low quality and cheap.",Negative
"Taking short walk around neighborhood during lunch.",Neutral
"Loved the new user interface redesign update!",Positive
"Support tickets take weeks to receive answer.",Negative
"Checking flight schedules for summer vacation plans.",Neutral
"Fantastic tool! Saves so much time daily.",Positive
"App update completely broke basic search functionality.",Negative
"Organizing project files in cloud drive folders.",Neutral
"Super intuitive software design, love using it!",Positive
"Customer care phone line was busy for hours.",Negative
"Writing weekly project summary report for team.",Neutral
"Very happy with new features added recently!",Positive
"Product broke on very first day use.",Negative
"Checking weather report for tomorrow morning walk.",Neutral
"Delighted with overall quality and fast delivery!",Positive
"Refund taking over month to be processed.",Negative
"Taking coffee break at workstation desk area.",Neutral
"Awesome quality and very fast shipping speed!",Positive
"App UI updated but became very clunky.",Negative
"Reviewing project code pull request on GitHub.",Neutral
"Incredible service! Staff went out of way.",Positive
"Customer support ignored my message for days.",Negative
"Walking dog around block in neighborhood park.",Neutral
"Great product design, sleek and easy use!",Positive
"System error wiped my saved user preferences.",Negative
"Setting calendar reminders for upcoming project tasks.",Neutral
"Highly satisfied with customer support resolution time!",Positive
"Item delivered was damaged inside box package.",Negative
"Taking notes during afternoon team strategy meeting.",Neutral
"Super fast shipping and product works great!",Positive
"Customer service representative was extremely rude today.",Negative
"Drinking tea while working on laptop computer.",Neutral
"Loved the packaging and fast delivery speed!",Positive
"Frequent server outages make service unusable today.",Negative
"Having lunch at nearby cafe with colleagues.",Neutral
"Fantastic product! Exceeded my expectations by far.",Positive
"Support agent was unhelpful and closed ticket.",Negative
"Checking train schedule for upcoming weekend trip.",Neutral
"Delighted with purchase, works exactly as described!",Positive
"Order status stuck on processing for weeks.",Negative
"Organizing desktop shortcuts and folder file layout.",Neutral
"Awesome customer service! Solved my problem fast.",Positive
"App crashes every time I open settings tab.",Negative
"Writing summary notes after client phone call.",Neutral
"Super helpful support staff! Resolved everything instantly.",Positive
"Product quality far below what was promised.",Negative
"Taking short walk around block during lunch.",Neutral
"Incredible quality! Very satisfied with my purchase.",Positive
"Billing error charged my card twice today.",Negative
"Checking flight prices for upcoming holiday travel.",Neutral
"Very happy with product quality and speed!",Positive
"App drains phone battery super fast overnight.",Negative
"Setting up calendar events for next week.",Neutral
"Highly recommend! Everything went smoothly as expected.",Positive
"Customer care line hung up while waiting.",Negative
"Taking notes during team weekly status update.",Neutral
"Loved the fast shipping and top quality item!",Positive
"App UI design is confusing and hard navigate.",Negative
"Reviewing project roadmap for next few quarters.",Neutral
"Great service, polite staff and fast shipping!",Positive
"Payment deducted twice but order was canceled.",Negative
"Walking dog in neighborhood park on sunny day.",Neutral
"Super intuitive UI, easy to use daily!",Positive
"Constant server lag makes application unusable today.",Negative
"Checking weather report for weekend outdoor plans.",Neutral
"Delighted with overall quality and fast response!",Positive
"Item delivered was completely wrong model product.",Negative
"Taking short stretch break away from desk.",Neutral
"Fantastic product design and sleek modern aesthetic!",Positive
"Customer support ignored my email for days.",Negative
"Organizing digital photos into categorized subfolders today.",Neutral
"Awesome support team, solved my issue fast!",Positive
"Account locked out for no clear reason.",Negative
"Having morning coffee while reviewing daily tasks.",Neutral
"Incredible performance and beautiful user interface overall!",Positive
"Product broke down after just two days.",Negative
"Writing task list for tomorrow morning goals.",Neutral
"Highly satisfied with overall service experience today!",Positive
"Customer care refused to accept return request.",Negative
"Taking coffee break at office desk workstation.",Neutral
"Super fast delivery and item works perfectly!",Positive
"Item came broken inside damaged shipping box.",Negative
"Checking train schedule for evening commute home.",Neutral
"Loved how easy setup process was overall!",Positive
"Support ticket closed without resolving my issue.",Negative
"Cleaning out workspace desk drawers and organize.",Neutral
"Very pleased with purchase, fast delivery time!",Positive
"Order canceled unexpectedly without reason or notification.",Negative
"Reviewing meeting agenda before joining video call.",Neutral
"Delighted with service! Fast, reliable, and friendly.",Positive
"App crashes constantly when saving new changes.",Negative
"Taking notes during morning standup team meeting.",Neutral
"Great purchase! High quality and fast delivery.",Positive
"Refund process is extremely tedious and slow.",Negative
"Drinking tea while reading book chapter evening.",Neutral
"Awesome service, fast delivery and top quality!",Positive
"Support agent was unhelpful and closed chat.",Negative
"Setting up workspace desk layout setup.",Neutral
"Super smooth performance and beautiful UI design!",Positive
"Billing charge occurred twice on my card.",Negative
"Having lunch with team members at cafe.",Neutral
"Incredible quality for such an affordable price!",Positive
"Package lost during shipment process no update.",Negative
"Reading tech news blog during morning commute.",Neutral
"Highly recommend this company! Excellent customer service.",Positive
"Constant popup ads make application unusable today.",Negative
"Taking short walk around neighborhood during lunch.",Neutral
"Loved the new user interface redesign update!",Positive
"Account suspended without notice or explanation provided.",Negative
"Checking flight schedules for summer vacation plans.",Neutral
"Fantastic tool! Saves so much time daily.",Positive
"Product material feels low quality and cheap.",Negative
"Organizing project files in cloud drive folders.",Neutral
"Super intuitive software design, love using it!",Positive
"Support tickets take weeks to receive answer.",Negative
"Writing weekly project summary report for team.",Neutral
"Very happy with new features added recently!",Positive
"App update completely broke basic search functionality.",Negative
"Checking weather report for tomorrow morning walk.",Neutral
"Delighted with overall quality and fast delivery!",Positive
"Customer care phone line was busy for hours.",Negative
"Taking coffee break at workstation desk area.",Neutral
"Awesome quality and very fast shipping speed!",Positive
"Product broke on very first day use.",Negative
"Reviewing project code pull request on GitHub.",Neutral
"Incredible service! Staff went out of way.",Positive
"Refund taking over month to be processed.",Negative
"Walking dog around block in neighborhood park.",Neutral
"Great product design, sleek and easy use!",Positive
"App UI updated but became very clunky.",Negative
"Setting calendar reminders for upcoming project tasks.",Neutral
"Highly satisfied with customer support resolution time!",Positive
"Customer support ignored my message for days.",Negative
"Taking notes during afternoon team strategy meeting.",Neutral
"Super fast shipping and product works great!",Positive
"System error wiped my saved user preferences.",Negative
"Drinking tea while working on laptop computer.",Neutral
"Loved the packaging and fast delivery speed!",Positive
"Item delivered was damaged inside box package.",Negative
"Having lunch at nearby cafe with colleagues.",Neutral
"Fantastic product! Exceeded my expectations by far.",Positive
"Customer service representative was extremely rude today.",Negative
"Checking train schedule for upcoming weekend trip.",Neutral
"Delighted with purchase, works exactly as described!",Positive
"Frequent server outages make service unusable today.",Negative
"Organizing desktop shortcuts and folder file layout.",Neutral
"Awesome customer service! Solved my problem fast.",Positive
"Support agent was unhelpful and closed ticket.",Negative
"Writing summary notes after client phone call.",Neutral
"Super helpful support staff! Resolved everything instantly.",Positive
"Order status stuck on processing for weeks.",Negative
"Taking short walk around block during lunch.",Neutral
"Incredible quality! Very satisfied with my purchase.",Positive
"App crashes every time I open settings tab.",Negative
"Checking flight prices for upcoming holiday travel.",Neutral
"Very happy with product quality and speed!",Positive
"Product quality far below what was promised.",Negative
"Setting up calendar events for next week.",Neutral
"Highly recommend! Everything went smoothly as expected.",Positive
"Billing error charged my card twice today.",Negative
"Taking notes during team weekly status update.",Neutral
"Loved the fast shipping and top quality item!",Positive
"App drains phone battery super fast overnight.",Negative
"Reviewing project roadmap for next few quarters.",Neutral
"Great service, polite staff and fast shipping!",Positive
"Customer care line hung up while waiting.",Negative
"Walking dog in neighborhood park on sunny day.",Neutral
"Super intuitive UI, easy to use daily!",Positive
"App UI design is confusing and hard navigate.",Negative
"Checking weather report for weekend outdoor plans.",Neutral
"Delighted with overall quality and fast response!",Positive
"Payment deducted twice but order was canceled.",Negative
"Taking short stretch break away from desk.",Neutral
"Fantastic product design and sleek modern aesthetic!",Positive
"Constant server lag makes application unusable today.",Negative
"Organizing digital photos into categorized subfolders today.",Neutral
"Awesome support team, solved my issue fast!",Positive
"Item delivered was completely wrong model product.",Negative
"Having morning coffee while reviewing daily tasks.",Neutral
"Incredible performance and beautiful user interface overall!",Positive
"Customer support ignored my email for days.",Negative
"Writing task list for tomorrow morning goals.",Neutral
"Highly satisfied with overall service experience today!",Positive
"Account locked out for no clear reason.",Negative
"Taking coffee break at office desk workstation.",Neutral
"Super fast delivery and item works perfectly!",Positive
"Product broke down after just two days.",Negative
"Checking train schedule for evening commute home.",Neutral
"Loved how easy setup process was overall!",Positive
"Customer care refused to accept return request.",Negative
"Cleaning out workspace desk drawers and organize.",Neutral
"Very pleased with purchase, fast delivery time!",Positive
"Item came broken inside damaged shipping box.",Negative
"Reviewing meeting agenda before joining video call.",Neutral
"Delighted with service! Fast, reliable, and friendly.",Positive
"Support ticket closed without resolving my issue.",Negative
"Taking notes during morning standup team meeting.",Neutral
"Great purchase! High quality and fast delivery.",Positive
"Order canceled unexpectedly without reason or notification.",Negative
"Drinking tea while reading book chapter evening.",Neutral
"Awesome service, fast delivery and top quality!",Positive
"App crashes constantly when saving new changes.",Negative
"Setting up workspace desk layout setup.",Neutral
"Super smooth performance and beautiful UI design!",Positive
"Refund process is extremely tedious and slow.",Negative
"Having lunch with team members at cafe.",Neutral
"Incredible quality for such an affordable price!",Positive
"Support agent was unhelpful and closed chat.",Negative
"Reading tech news blog during morning commute.",Neutral
"Highly recommend this company! Excellent customer service.",Positive
"Billing charge occurred twice on my card.",Negative
"Taking short walk around neighborhood during lunch.",Neutral
"Loved the new user interface redesign update!",Positive
"Package lost during shipment process no update.",Negative
"Checking flight schedules for summer vacation plans.",Neutral
"Fantastic tool! Saves so much time daily.",Positive
"Constant popup ads make application unusable today.",Negative
"Organizing project files in cloud drive folders.",Neutral
"Super intuitive software design, love using it!",Positive
"Account suspended without notice or explanation provided.",Negative
"Writing weekly project summary report for team.",Neutral
"Very happy with new features added recently!",Positive
"Product material feels low quality and cheap.",Negative
"Checking weather report for tomorrow morning walk.",Neutral
"Delighted with overall quality and fast delivery!",Positive
"Support tickets take weeks to receive answer.",Negative
"Taking coffee break at workstation desk area.",Neutral
"Awesome quality and very fast shipping speed!",Positive
"App update completely broke basic search functionality.",Negative
"Reviewing project code pull request on GitHub.",Neutral
"Incredible service! Staff went out of way.",Positive
"Customer care phone line was busy for hours.",Negative
"Walking dog around block in neighborhood park.",Neutral
"Great product design, sleek and easy use!",Positive
"Product broke on very first day use.",Negative
"Setting calendar reminders for upcoming project tasks.",Neutral
"Highly satisfied with customer support resolution time!",Positive
"Refund taking over month to be processed.",Negative
"Taking notes during afternoon team strategy meeting.",Neutral
"Super fast shipping and product works great!",Positive
"App UI updated but became very clunky.",Negative
"Drinking tea while working on laptop computer.",Neutral
"Loved the packaging and fast delivery speed!",Positive
"Customer support ignored my message for days.",Negative
"Having lunch at nearby cafe with colleagues.",Neutral
"Fantastic product! Exceeded my expectations by far.",Positive
"System error wiped my saved user preferences.",Negative
"Checking train schedule for upcoming weekend trip.",Neutral
"Delighted with purchase, works exactly as described!",Positive
"Item delivered was damaged inside box package.",Negative
